review,rating,date,bank,source,sentiment_score,sentiment_label,themes
the most advanced app. but how to stay safe?,5,2025-11-27,CBE,Google Play,0.6701,positive,Security
Good application,4,2025-11-27,CBE,Google Play,0.4404,positive,Other
It is nice app,5,2025-11-26,CBE,Google Play,0.4215,positive,Other
best,5,2025-11-25,CBE,Google Play,0.6369,positive,Other
good app,5,2025-11-25,CBE,Google Play,0.4404,positive,Other
"it suddenly asked me to enter the verification key I received. and it (*get your verification key from the nearest CBE Branch*) Now I'm in Australia, what do you expect me to do???! There is no nearest or furthermost cbe Branch!! SO FRUSTRATING! How can I manage my bank account now????",1,2025-11-25,CBE,Google Play,-0.8746,negative,Other
nice app...,5,2025-11-25,CBE,Google Play,0.4215,positive,Other
very good banking service and fast service,5,2025-11-24,CBE,Google Play,0.4927,positive,Customer Support
thanks blc this app help me to use all time,5,2025-11-24,CBE,Google Play,0.6808,positive,Customer Support
good,5,2025-11-24,CBE,Google Play,0.4404,positive,Other
why we can't send money to other people telebirr wallets??,1,2025-11-24,CBE,Google Play,0.0,neutral,Other
·ä†·â≥·çç·à©·àù ·åç·äï ·àà15 birr 11.50 ·â•·à≠ ·àµ·âµ·âÜ·à≠·å° ·ã≠·àµ·â∞·ä´·ä®·àç·àç·äï,1,2025-11-23,CBE,Google Play,0.0,neutral,Other
·â†·å£·àù ·âÄ·àã·àç·äì ·àù·âπ ·äê·ãç·ç¢,5,2025-11-23,CBE,Google Play,0.0,neutral,Other
wow,5,2025-11-23,CBE,Google Play,0.5859,positive,Other
nice,5,2025-11-22,CBE,Google Play,0.4215,positive,Other
you are the reason why i got ye chogara himem,1,2025-11-22,CBE,Google Play,0.0,neutral,Other
it is so smart app i recommend it for everyone,5,2025-11-22,CBE,Google Play,0.7395,positive,Other
excellent,5,2025-11-22,CBE,Google Play,0.5719,positive,Other
·ã≥·åä,5,2025-11-21,CBE,Google Play,0.0,neutral,Other
absolutely right,5,2025-11-21,CBE,Google Play,0.0,neutral,Other
mid application it's so annoying,3,2025-11-20,CBE,Google Play,-0.541,negative,Other
I used morethan one year,4,2025-11-20,CBE,Google Play,0.0,neutral,Other
no word can explane about this app it is nice üëçüëçüëçüëçüëç,5,2025-11-20,CBE,Google Play,0.1531,positive,Other
"It's great app,I love this app",5,2025-11-20,CBE,Google Play,0.8519,positive,Other
Nice,5,2025-11-19,CBE,Google Play,0.4215,positive,Other
suckkkks,1,2025-11-19,CBE,Google Play,0.0,neutral,Other
not allowing to transfer and showing current statement updates.,1,2025-11-19,CBE,Google Play,0.0,neutral,Transactions
I love you this app,5,2025-11-19,CBE,Google Play,0.6369,positive,Other
"fast and convenient app, thanks for your dedication as a bank to provide good options to your cuatomers.",1,2025-11-19,CBE,Google Play,0.7003,positive,Other
make life easy,5,2025-11-19,CBE,Google Play,0.4404,positive,Other
securr,5,2025-11-19,CBE,Google Play,0.0,neutral,Other
My most optional bank,5,2025-11-17,CBE,Google Play,0.0,neutral,Other
5 star,5,2025-11-17,CBE,Google Play,0.0,neutral,Other
it is fantastic app.,5,2025-11-16,CBE,Google Play,0.5574,positive,Other
sifen,5,2025-11-16,CBE,Google Play,0.0,neutral,Other
i like this‚àö,4,2025-11-16,CBE,Google Play,0.3612,positive,Other
Ok,3,2025-11-16,CBE,Google Play,0.296,positive,Other
·å•·à© App ·äê·ãâ ·ç¢ ·ã®·äî ·ã®·åç·àç ·ä†·àµ·â∞·ã´·ã®·âµ- Update ·ãà·ã≠·äï·àù cache cleaning app ·à≤·ã∞·à®·åç ·àà·àù·äï·ãµ·äê·ãâ ·ã∞·åç·àò·äï login ·àµ·äì·ã∞·à≠·åç Restricted ·àö·ã´·ã∞·à≠·åà·ãâ ·â¢·àµ·â∞·ä´·ä®·àç ·ä•·äï·ã∞ ·àÄ·à≥·â• ·å•·à© ·äê·ãâ·ç¢ ·â†·ãõ·àã·ã≠ ·ãµ·åã·àö ·ä†·ä≠·â≤·â¨·âµ ·àà·àõ·àµ·ã∞·à®·åç ·ä®·çç·àà·äï ..,5,2025-11-15,CBE,Google Play,-0.3818,negative,Security
"Seriously, what‚Äôs going on with this app? The ""Pay to Beneficiary"" option is completely disabled for Android users, yet iOS users get full access without restrictions. Why are Android users being treated like second class customers? It‚Äôs the same app, the same service, but clearly not the same experience. This kind of platform bias is unacceptable, either give everyone the same features or be transparent about why you‚Äôre limiting functionality. Right now, it just feels unfair and frustrating.",1,2025-11-15,CBE,Google Play,-0.8466,negative,Customer Support
Like,5,2025-11-13,CBE,Google Play,0.3612,positive,Other
Nice and very useful app i like it!,5,2025-11-13,CBE,Google Play,0.8422,positive,Other
Good,5,2025-11-13,CBE,Google Play,0.4404,positive,Other
smart app,4,2025-11-12,CBE,Google Play,0.4019,positive,Other
good App,5,2025-11-12,CBE,Google Play,0.4404,positive,Other
sync problem may 22 2025 but the date stack on may 8 2025 help pls,5,2025-11-12,CBE,Google Play,0.4854,positive,Customer Support
ok,5,2025-11-11,CBE,Google Play,0.296,positive,Other
cbe is my choice,4,2025-11-11,CBE,Google Play,0.0,neutral,Other
Awesome,5,2025-11-11,CBE,Google Play,0.6249,positive,Other
I am not able to transfer. The app is not responding,1,2025-11-11,CBE,Google Play,0.0,neutral,Transactions
Very convenient App,5,2025-11-11,CBE,Google Play,0.0,neutral,Other
excellent but sometimes can not connect,5,2025-11-10,CBE,Google Play,0.3291,positive,Other
wow apk,5,2025-11-10,CBE,Google Play,0.5859,positive,Other
best 100 %,5,2025-11-10,CBE,Google Play,0.6369,positive,Other
bad app,1,2025-11-10,CBE,Google Play,-0.5423,negative,Other
best app,5,2025-11-10,CBE,Google Play,0.6369,positive,Other
nice app,5,2025-11-10,CBE,Google Play,0.4215,positive,Other
the app constantly glitches and won't stop loading despite having a decent connection and a cleared cache. telebirr is way better,1,2025-11-10,CBE,Google Play,0.6355,positive,Other
I can't access it properly I think it needs update,1,2025-11-10,CBE,Google Play,0.0,neutral,Other
üëåüëå,5,2025-11-10,CBE,Google Play,0.0,neutral,Other
best üëå,5,2025-11-10,CBE,Google Play,0.6369,positive,Other
not Refresh,2,2025-11-10,CBE,Google Play,0.0,neutral,Other
your statement is not used as wanted,1,2025-11-10,CBE,Google Play,0.0,neutral,Other
good very good,5,2025-11-09,CBE,Google Play,0.7003,positive,Other
this is absolute trash why because it's not Woking most time the servers are down even though I'm using 4g data Internet they steal not working they use to work with out even data package now it's trash can't even send money,1,2025-11-09,CBE,Google Play,-0.4939,negative,Other
Bayeee galatooma kana caalati nu gammachisa üåèü§åüèªüí¥üí∏ü•∞üëåüèªüôèüèª,5,2025-11-08,CBE,Google Play,0.0,neutral,Other
Good !,5,2025-11-08,CBE,Google Play,0.4926,positive,Other
i like it,5,2025-11-08,CBE,Google Play,0.3612,positive,Other
Very nice app,5,2025-11-08,CBE,Google Play,0.4754,positive,Other
the app is not functional this week.,4,2025-11-08,CBE,Google Play,0.0,neutral,Other
very updated bank,5,2025-11-06,CBE,Google Play,0.0,neutral,Other
tankyu,5,2025-11-05,CBE,Google Play,0.0,neutral,Other
Numbers 2 and 3 don't write during pin verification.,5,2025-11-05,CBE,Google Play,0.0,neutral,Other
"once it is uninstalled, you need to visit a nearby bank. you go there and they ask you to have a new sim card which hasn't been used before. so you should buy a new sim card and you go back to them with a new sim card, when you reach there service provider says authentication pin is not arrive, the system is not working come back tomorrow.",1,2025-11-05,CBE,Google Play,0.0258,neutral,Customer Support
loved it,5,2025-11-05,CBE,Google Play,0.5994,positive,Other
this app is not working on my phone,5,2025-11-03,CBE,Google Play,0.0,neutral,Other
CBE needs to show transaction fees before the transaction is confirmed and not after. This is a big issue as fees are no longer insignificant.,3,2025-11-03,CBE,Google Play,-0.5574,negative,Transactions
"After the recent updates, I am unable to download a receipt. I can't see the names of account holders I've previously transacted with. Very important. Please fix it asap.",1,2025-11-03,CBE,Google Play,0.5678,positive,Other
wow üòòüòòüòò,4,2025-11-02,CBE,Google Play,0.5859,positive,Other
mobile banking broblem,5,2025-11-01,CBE,Google Play,0.0,neutral,Other
good job,5,2025-11-01,CBE,Google Play,0.4404,positive,Other
it is a good and clear apps to use,4,2025-10-31,CBE,Google Play,0.6705,positive,Other
·àà·àù·äï·ãµ·äï ·äê·ãç ·ä®·äï·åç·ãµ ·â£·äï·ä≠ ·ãà·ã∞ ·â¥·àå·â•·à≠ 5 ·â•·à≠ ·à≤·â∞·àã·àà·çç 11 ·â•·à≠ ·ä•·äï·ã≤·âÜ·à≠·å• ·ã´·ã∞·à®·åã·âΩ·àÅ·âµ,1,2025-10-31,CBE,Google Play,0.0,neutral,Other
I love this app b/c every option in the app very clear and supportive.,5,2025-10-30,CBE,Google Play,0.861,positive,Customer Support
niiceh,5,2025-10-29,CBE,Google Play,0.0,neutral,Other
the app is good but their is no dark mode you have to add it,3,2025-10-29,CBE,Google Play,-0.2144,negative,Other
ü§Æ,1,2025-10-29,CBE,Google Play,0.0,neutral,Other
abdulakim abrahim elemoo,5,2025-10-29,CBE,Google Play,0.0,neutral,Other
strong,5,2025-10-28,CBE,Google Play,0.5106,positive,Other
Abebaw Zenebe,5,2025-10-28,CBE,Google Play,0.0,neutral,Other
good I love it keep it up but if we had a new update that will be fire Soo good,5,2025-10-27,CBE,Google Play,0.6486,positive,Other
Cbe,5,2025-10-27,CBE,Google Play,0.0,neutral,Other
Active and granted system,5,2025-10-27,CBE,Google Play,0.5719,positive,Other
fast app,4,2025-10-27,CBE,Google Play,0.0,neutral,Other
cool üòé,5,2025-10-27,CBE,Google Play,0.3182,positive,Other
Galaxy A10s,3,2025-10-26,CBE,Google Play,0.0,neutral,Other
the best apps,5,2025-10-26,CBE,Google Play,0.6369,positive,Other
arif app new,5,2025-10-26,CBE,Google Play,0.0,neutral,Other
laga Bari biranch,5,2025-10-26,CBE,Google Play,0.0,neutral,Performance
·äê·äê·à†·äê·à†·à†·äê·à†·à†·à†·à†·äê·ã®·äê,5,2025-10-26,CBE,Google Play,0.0,neutral,Other
I would like to suggest you improve the time out as it takes the money and doesn't return it back until the next day.,3,2025-10-25,CBE,Google Play,0.6597,positive,Other
Attractive,5,2025-10-25,CBE,Google Play,0.4404,positive,Other
mite,5,2025-10-24,CBE,Google Play,0.0,neutral,Other
useful,5,2025-10-24,CBE,Google Play,0.4404,positive,Other
"not good, not bad!",3,2025-10-23,CBE,Google Play,-0.6208,negative,Other
very good,5,2025-10-23,CBE,Google Play,0.4927,positive,Other
·ä•·åÖ·åç ·â†·å£·àù ·ä†·àµ·âÄ·ã´·àö ·å†·âÅ·ä†·àù ·ãò·à®·çã ·â†·àö·â£·àç ·ã∞·à≠·åÉ ·ã® ·ä†·åà·àç·åç·àé·âµ ·ã®·àö·âÄ·â†·àç ·ã´·àç·à∞·à´·â†·âµ·äï ·ã®·åà·ãõ ·åà·äï·ãù·â†·â£·âΩ·äï·äï ·â∞·ãò·à®·çç·äï ·ä® 100·â•·à≠ 10·â•·à≠ ·ã®·ä†·åà·àç·åç·àé·âµ ·àõ·àµ·ä®·çà·àç ·àù·äï ·àõ·àà·âµ ·äê·ãç ·ä•·â£·ä´·âΩ·àÅ ·ä•·ã©·âµ ·ä•·àµ·âµ·ã≠ ·ä® ·àû·â£·ã≠·àç ·â£·äï·ä≠ ·ãà·ã∞ ampsa ·ä†·àµ·â∞·àã·àç·çâ·äì ·ä•·ã©·âµ ·â†·å£·àù ·ã≠·åà·à≠·àõ·àç ·àå·â£ ·â•·ã´·â∏·ãã·àç·àÅ,1,2025-10-22,CBE,Google Play,0.0,neutral,Other
imp,5,2025-10-22,CBE,Google Play,0.0,neutral,Other
super fast app,5,2025-10-21,CBE,Google Play,0.5994,positive,Other
"The app has a nice design and useful features like balance check and transfers, but it‚Äôs unstable and often fails to connect. It also forces users to turn off Developer Options, which is unnecessary ‚Äî other banking apps work fine without that. Many people use Developer Mode for normal reasons. Please fix performance issues, remove this restriction, and add biometric login for better security and convenience",2,2025-10-19,CBE,Google Play,0.6896,positive,"UI/UX, Transactions, Security"
cbe,4,2025-10-18,CBE,Google Play,0.0,neutral,Other
"it says ""ti is work any more in your device"" what can i do??",1,2025-10-18,CBE,Google Play,0.0,neutral,Other
blah blah blah,5,2025-10-18,CBE,Google Play,-0.296,negative,Other
bad ·åç·ã¥·â≥ ·àò·àÜ·äï·àÅ,1,2025-10-17,CBE,Google Play,-0.5423,negative,Other
CBE no.1,5,2025-10-17,CBE,Google Play,0.0,neutral,Other
"it's not work correctly when it's needed sometimes, but it works sometimes though",2,2025-10-16,CBE,Google Play,0.0,neutral,Other
its easy to use and more secured than the previous one. i love it and appreciate commercial bank of ethiopia for every time update.,5,2025-10-16,CBE,Google Play,0.9152,positive,Other
gooof,5,2025-10-16,CBE,Google Play,0.0,neutral,Other
"Suddenly the cbe application I was using stopped working and called callcenter, I was told it's because it expired and I should vist any branch to fix it. So I went to CBE Silassie branch.After filling a form they gave me, I sat down and waited until they finish fixing 2 customer's case who arrived before me. But then when it was my turn ppl who came after me with same mobile banking and even Atm card cases were finishing up and leaving I had to get back to my work so I left.with no service.why?",1,2025-10-16,CBE,Google Play,-0.5672,negative,Customer Support
Best app,5,2025-10-16,CBE,Google Play,0.6369,positive,Other
still not perfect like before,1,2025-10-15,CBE,Google Play,-0.6259,negative,Other
This app dash board is disturbing me. it is not showing me traxation and my balance while displaying others option on dashboard. I think it is a risk full appüò≠üò≠üò≠ü§§ü§§,1,2025-10-15,CBE,Google Play,-0.6597,negative,Other
APPLIED,1,2025-10-14,CBE,Google Play,0.0,neutral,Other
10 years ago,4,2025-10-14,CBE,Google Play,0.0,neutral,Other
Asefa Obsa,5,2025-10-14,CBE,Google Play,0.0,neutral,Other
it's good app,5,2025-10-14,CBE,Google Play,0.4404,positive,Other
very slow,1,2025-10-14,CBE,Google Play,0.0,neutral,Performance
berhan deriba wami,4,2025-10-14,CBE,Google Play,0.0,neutral,Other
mahamad Usman,5,2025-10-13,CBE,Google Play,0.0,neutral,Other
Erako,5,2025-10-13,CBE,Google Play,0.0,neutral,Other
üî•üî•üî•üî•üî•,5,2025-10-13,CBE,Google Play,0.0,neutral,Other
opne,5,2025-10-13,CBE,Google Play,0.0,neutral,Other
mehommd nuri,5,2025-10-13,CBE,Google Play,0.0,neutral,Other
Best,5,2025-10-12,CBE,Google Play,0.6369,positive,Other
providing very secure service.,5,2025-10-12,CBE,Google Play,0.4005,positive,Customer Support
apk ·ä†·à™·çç ·äê·ãç ·åç·äï ·â†·å£·àù apkwun ·ã®·àö·ä®·çç·â± ·ã® ·â£·äï·ä≠ ·à∞·à´·â∞·äû·âΩ ·â†·å£·àù ·ã∞·ä´·àõ ·äì·â∏·ãç ·à≤·ã´·àµ·â∞·äì·åç·ã± ·àà ·ã∞·äï·â†·äõ ·ä≠·â•·à≠ ·ã®·àã·â∏·ãç·àù ·ä•·äî ·àò·àò·àã·àà·àµ ·ä®·åÄ·àò·à≠·ä© ·âÜ·ã®·ãç ·åç·äï ·àò·çç·âµ·àÖ ·àã·åà·äù ·ä†·àç·âΩ·àç·ä©·àù ::,1,2025-10-12,CBE,Google Play,0.0,neutral,Other
·ã≥·à≠ ·äë·àÆ ·àã·àà·ãç ·ä£·çç·à™·âª·äï ·ãç,5,2025-10-12,CBE,Google Play,0.0,neutral,Other
RIYAD Mohammed Abaoli 92 527 2567,5,2025-10-12,CBE,Google Play,0.0,neutral,Other
it doesn't show bank statement and no options to see transactions for the past months.,2,2025-10-12,CBE,Google Play,-0.296,negative,Transactions
Mamma Husen,2,2025-10-11,CBE,Google Play,0.0,neutral,Other
3 stars because I can't see all my transaction history apart from the recents and a refresh button has been removed from the Recents activity. The app should allow clients to view all of the transactions not just recents.,3,2025-10-11,CBE,Google Play,0.2263,positive,Transactions
exceptional application from others bank,5,2025-10-10,CBE,Google Play,0.0,neutral,Other
"it is very nice. but i have a serious suggestion when you send to other cbe birr customer, it does not show the name of the recipient befor it actually send the money. please improve this",4,2025-10-10,CBE,Google Play,0.8124,positive,Other
goodüëçüëçüëçüòäüòäüòä,5,2025-10-10,CBE,Google Play,0.0,neutral,Other
really good app,5,2025-10-10,CBE,Google Play,0.4927,positive,Other
smart bank CBE,5,2025-10-10,CBE,Google Play,0.4019,positive,Other
Ali urgesa11,3,2025-10-09,CBE,Google Play,0.0,neutral,Other
it's good,5,2025-10-09,CBE,Google Play,0.4404,positive,Other
Good apps,5,2025-10-09,CBE,Google Play,0.4404,positive,Other
password ·â†·å£·âµ ·ä†·àª·à´ ·â¢·äñ·à®·ãç ·àò·àç·ä´·àù ·äê·â†·à≠,4,2025-10-09,CBE,Google Play,0.0,neutral,Security
best app i ever seen,5,2025-10-09,CBE,Google Play,0.6369,positive,Other
it's game changing in financial system,4,2025-10-09,CBE,Google Play,0.0,neutral,Other
"z,MKT 20_._!8+‚Öì‚Öïüòòr",1,2025-10-09,CBE,Google Play,0.0,neutral,Other
will good updating,5,2025-10-09,CBE,Google Play,0.4404,positive,Other
"service charge , vat, fee everything here is not yours they wanna take what you have, everything is not fair",1,2025-10-08,CBE,Google Play,-0.2411,negative,Customer Support
why removing screenshot feature why?,2,2025-10-08,CBE,Google Play,0.0,neutral,Other
very good application! thank you all who participate!,5,2025-10-08,CBE,Google Play,0.7608,positive,Other
application bank commercial Ethiopia I am very happy to be able to appear in a great job on a pleasant job,5,2025-10-08,CBE,Google Play,0.908,positive,Other
user compatible app!,5,2025-10-08,CBE,Google Play,0.0,neutral,Other
"I am trying to access this app on my Android phone, but sometimes doesn't work. so kindly try to improve it.",3,2025-10-07,CBE,Google Play,0.8891,positive,Other
what an amazing app. you know how much it simplify life. Thanks cbe. I proud of you.,5,2025-10-07,CBE,Google Play,0.8689,positive,Other
Our Commercial Bank of Ethiopia is Good !,5,2025-10-06,CBE,Google Play,0.4926,positive,Other
Asledin Ibsa,5,2025-10-06,CBE,Google Play,0.0,neutral,Other
terrible when showing history of transaction it shows in disorganised way,3,2025-10-05,CBE,Google Play,-0.4767,negative,Transactions
my bank,5,2025-10-05,CBE,Google Play,0.0,neutral,Other
Data,5,2025-10-04,CBE,Google Play,0.0,neutral,Other
"lately I am facing a problem with the app ,and the problem is when log in and inter my pin it doesn't work at all and says 'can't sync' why does it say that I was working fine a few day ago and also it says when I enter my pin 'change your pin to 6 digit pin and it doesn't allow me to change it please solve what is the problem with the app ?",2,2025-10-04,CBE,Google Play,-0.5948,negative,Other
excellent app with lots of features,5,2025-10-04,CBE,Google Play,0.5719,positive,Other
very good üëç mobile banking,5,2025-10-04,CBE,Google Play,0.4927,positive,Other
so special,5,2025-10-04,CBE,Google Play,0.4576,positive,Other
wiiy ewdihiliw esimirt niho yitnehew metgeyot ‚ù§üíûü§îüò¥ü§©üòç,1,2025-10-03,CBE,Google Play,0.0,neutral,Other
woow cbe,5,2025-10-03,CBE,Google Play,0.0,neutral,Other
cbe the best bank app,4,2025-10-03,CBE,Google Play,0.6369,positive,Other
This App CBE bank it's Simple and Smart I Like it.,5,2025-10-03,CBE,Google Play,0.6369,positive,Other
Rijalufaris,5,2025-10-02,CBE,Google Play,0.0,neutral,Other
its Best app But i hate the Repeatedly update request,5,2025-10-02,CBE,Google Play,-0.5346,negative,Other
imoo,3,2025-10-02,CBE,Google Play,0.0,neutral,Other
"it was good since it become a robber the vat ,tax,service charge,unbelievable charge to send to other bank, monthly charge,etc i hope one international bank comes and we all leave this bank. enough is enough",1,2025-10-02,CBE,Google Play,0.25,positive,Customer Support
screen shoot always not allowed why?,5,2025-10-02,CBE,Google Play,-0.34,negative,Other
enkorabetalen,5,2025-10-01,CBE,Google Play,0.0,neutral,Other
Gamada mahamadi,1,2025-10-01,CBE,Google Play,0.0,neutral,Other
it is very good banking web but its network is sometimes busy i hope they willfix the problem,4,2025-09-30,CBE,Google Play,0.3392,positive,Other
verfcasencod,5,2025-09-30,CBE,Google Play,0.0,neutral,Other
you can't get your own transaction history,1,2025-09-29,CBE,Google Play,0.0,neutral,Transactions
sintu,5,2025-09-29,CBE,Google Play,0.0,neutral,Other
BEST,5,2025-09-28,CBE,Google Play,0.6369,positive,Other
Bank of Ethiopia,5,2025-09-28,CBE,Google Play,0.0,neutral,Other
"All most Good, but need improvement",5,2025-09-27,CBE,Google Play,0.7267,positive,Other
"Great application for me,So I would like to rate with Solid 5 star.That It works well overall. So hello everyone enjoy the apps",5,2025-09-27,CBE,Google Play,0.9147,positive,Other
poor app all of you guys delete CBE and download BOA,1,2025-09-27,CBE,Google Play,-0.4767,negative,Other
niceapp,5,2025-09-27,CBE,Google Play,0.0,neutral,Other
the best app of all,5,2025-09-25,CBE,Google Play,0.6369,positive,Other
‚ù§Ô∏è,5,2025-09-25,CBE,Google Play,0.0,neutral,Other
"Most of the time when I try to open the app, it does not load. The circle keeps spinning as if it is trying to open, and get a message saying "" 2 attempts left for offline login"". This seems to mean that the app cannot connect to the internet, even though I have a stable internet connection, and all other stuff work properly.",2,2025-09-24,CBE,Google Play,0.1779,positive,Security
Juhaar,5,2025-09-24,CBE,Google Play,0.0,neutral,Other
I am using CBE app very fantastic.,5,2025-09-24,CBE,Google Play,0.5984,positive,Other
bist app tankyou,4,2025-09-23,CBE,Google Play,0.0,neutral,Other
this is very useful and consistent app,5,2025-09-23,CBE,Google Play,0.4927,positive,Other
"this application provides timely service in a good, fast and reliable manner.",5,2025-09-23,CBE,Google Play,0.4404,positive,Customer Support
So good,5,2025-09-23,CBE,Google Play,0.4927,positive,Other
it will be more better if the app have the feature receipt verifying from QR CODE SCREENSHOT IMAGES FROM gallery ... currently IT WORKS ONLY FROM DIRECT CAMERA CAPTURING,4,2025-09-23,CBE,Google Play,0.4927,positive,Other
"From the UX perspective it can be better, it's old and it's not obvious where you can find some things",3,2025-09-22,CBE,Google Play,0.4404,positive,Other
It is amazing app but it is more better if it is possible to transfer from account to other telebirr,5,2025-09-22,CBE,Google Play,0.771,positive,Transactions
"The app was great while it was active. However, after the app did an update, I lost connection with a message ""Network Error"". Please try to fix it as there are many clients of CBE using this app globally from abroad countries.",3,2025-09-21,CBE,Google Play,0.7783,positive,Other
very important app,4,2025-09-21,CBE,Google Play,0.2716,positive,Other
the best of all mobile banking in Ethiopia works perfectly fine,5,2025-09-21,CBE,Google Play,0.8807,positive,Other
DANTRO BAND!!!,5,2025-09-21,CBE,Google Play,0.0,neutral,Other
some time when make transfer from Mobile account to other cbebirr wallet no show customer name so please check it......thanks my cbe.. cbebirr application very nice application wallet,5,2025-09-20,CBE,Google Play,0.5973,positive,Transactions
this app is very useful but sometimes when you want to see specific transactions it didn't work so that way i gave 3,3,2025-09-20,CBE,Google Play,0.3708,positive,Transactions
why i must visit the branch i opened my account to activate the mobile banking services? if it a connected network it maybe done from any branch.,1,2025-09-20,CBE,Google Play,0.0,neutral,Customer Support
·ä†·à™·çç ·äê·ãç ·ä†·àÅ·äï ·ã∞·åç·àû ·ä•·àµ·ä≠·à™·äï ·àπ·âµ ·àõ·à®·åç ·â†·àò·âª·àå ·ã∞·åç·â•·àé·äõ·àç,5,2025-09-20,CBE,Google Play,0.0,neutral,Other
asfaw damse,5,2025-09-19,CBE,Google Play,0.0,neutral,Other
jabadhaa namatii tolataan,5,2025-09-19,CBE,Google Play,0.0,neutral,Other
"The App is very good in its interface and user friendly. But it could be a pro app had it had additional feature that let us run multiple accounts on a single phone with an option of ""additional"" account!",3,2025-09-19,CBE,Google Play,0.5406,positive,UI/UX
The app is user friendly. But i want some amendment or include option of sending money to other tele birr like other cbe birr.,4,2025-09-18,CBE,Google Play,0.7003,positive,Other
Truly amazing!,5,2025-09-18,CBE,Google Play,0.7901,positive,Other
Doesn't have option to generate statement for transactions,3,2025-09-18,CBE,Google Play,0.0,neutral,Transactions
üòé,5,2025-09-18,CBE,Google Play,0.0,neutral,Other
JanaleBl,5,2025-09-17,CBE,Google Play,0.0,neutral,Other
nice application,5,2025-09-17,CBE,Google Play,0.4215,positive,Other
WaaaaaaaW,1,2025-09-17,CBE,Google Play,0.0,neutral,Other
very nice,5,2025-09-16,CBE,Google Play,0.4754,positive,Other
Of,5,2025-09-16,CBE,Google Play,0.0,neutral,Other
it's best app to use recently and upgraded day to day for internationalization,4,2025-09-16,CBE,Google Play,0.6369,positive,Other
Easy to use and not Complicated üëç,5,2025-09-15,CBE,Google Play,0.4404,positive,Other
apdat the app,5,2025-09-14,CBE,Google Play,0.0,neutral,Other
good in bankin at any time & any where.,5,2025-09-13,CBE,Google Play,0.4404,positive,Other
great,5,2025-09-13,CBE,Google Play,0.6249,positive,Other
"WHAT A USELESS APP! Transfers, wallet payments, other banks ‚Äî nothing works. Updated, restarted, cleared cache, reinstalled ‚Äî still useless. Crashed and forced me to visit a branch just to log in 3 times. One of the biggest banks in the country can‚Äôt fix issues a junior developer could solve. Completely unreliable. Big bank , Zero functionality!",1,2025-09-13,CBE,Google Play,-0.8279,negative,"Transactions, Performance"
it is best to me,1,2025-09-13,CBE,Google Play,0.6369,positive,Other
hayizgi mebrahtom feshay,5,2025-09-13,CBE,Google Play,0.0,neutral,Other
Excellent app,5,2025-09-12,CBE,Google Play,0.5719,positive,Other
after apdate the app doesn't work any thing else it said enable to connects,1,2025-09-12,CBE,Google Play,0.0,neutral,Other
love,5,2025-09-12,CBE,Google Play,0.6369,positive,Other
Hasasa bank,1,2025-09-11,CBE,Google Play,0.0,neutral,Other
All ways Trusted.,5,2025-09-11,CBE,Google Play,0.4767,positive,Other
best MB application in Ethiopia financial sector.,5,2025-09-11,CBE,Google Play,0.6369,positive,Other
I like this app,5,2025-09-11,CBE,Google Play,0.3612,positive,Other
am tired why I have to update every 5 day,1,2025-09-11,CBE,Google Play,-0.4404,negative,Other
usb debugig mode bicha off endidereg axrigu like awash bank,1,2025-09-10,CBE,Google Play,0.3612,positive,Performance
good morning üôè,5,2025-09-10,CBE,Google Play,0.4404,positive,Other
am happy üòÉ,5,2025-09-09,CBE,Google Play,0.5719,positive,Other
wowww,5,2025-09-08,CBE,Google Play,0.0,neutral,Other
KEHRU nasir AbFIXA,5,2025-09-08,CBE,Google Play,0.0,neutral,Other
It is well organized.,5,2025-09-08,CBE,Google Play,0.2732,positive,Other
Can't see the nearest Branch or ATM available,2,2025-09-08,CBE,Google Play,0.0,neutral,Other
the app does not open,1,2025-09-07,CBE,Google Play,0.0,neutral,Other
from Monk,3,2025-09-06,CBE,Google Play,0.0,neutral,Other
"Amazing, Delightful and Seamless Mobile Banking Application, I have ever Experienced!! Indeed, I feel Great Proud to be part of your Stakeholder! My First Choice Bank, Commercial Bank of Ethiopia, The Pioneer and Leading in Digital Banking Services in Ethiopia! Five stars ‚≠ê‚≠ê‚≠ê‚≠ê‚≠ê are little to you! Thank you so muchüôè",5,2025-09-06,CBE,Google Play,0.9596,positive,Customer Support
incredible,5,2025-09-06,CBE,Google Play,0.0,neutral,Other
·ã®·ãö·àÖ ·ä†·çï ·â∞·å†·âÉ·àö ·äê·â†·à≠·ä© ·ã´·àà·àÅ·âµ ·ä®·àÄ·åà·à≠ ·ãç·å≠ ·äê·ãç ·ä•·äì ·ä•·ã®·â∞·å†·âÄ·àù·ä©·â†·âµ ·à≥·àà ·ä†·â•·ã∞·âµ ·ä†·ãµ·à≠·åä ·ä†·àà·äù ·à≥·à®·åà·ãç ·çì·àµ·ãà·à≠·ãµ ·ä•·äï·ã¥ ·ä†·ãµ·àµ ·å†·ã®·âÄ·äù ·ä•·äï·ã¥·ãç ·ä•·äî ·ä†·àà·àÅ·â†·âµ ·àÄ·åà·à≠ ·àÜ·äò ·àò·àµ·â∞·ä´·ä®·àç ·ä®·âª·àà ·â∞·â£·â†·à©·äù ·â†·å£·àù ·ä†·àµ·çà·àã·åä·ã¨ ·äê·ãç ::,5,2025-09-06,CBE,Google Play,0.0,neutral,Other
it's the best money transfer app ever,5,2025-09-06,CBE,Google Play,0.6369,positive,Transactions
it is nice,5,2025-09-05,CBE,Google Play,0.4215,positive,Other
user friendly. best.,5,2025-09-05,CBE,Google Play,0.8126,positive,Other
üôè,5,2025-09-05,CBE,Google Play,0.0,neutral,Other
·ä†·à™·çç,5,2025-09-05,CBE,Google Play,0.0,neutral,Other
best app!!!,5,2025-09-05,CBE,Google Play,0.7249,positive,Other
"It is good app and really user friendly , but it not possible to start service after the app is uninstalled or device phone is changed. So please make it easy for us, after once you set us the requirements in your office we should have to use it only by install and launch it. We do not have to visit the near by branch office every time for such silly businesses but important things. in addition to that why is that for hidding senders name or account number How can I know who tranfers to me???",4,2025-09-05,CBE,Google Play,0.9296,positive,"UI/UX, Customer Support"
very good app,5,2025-09-05,CBE,Google Play,0.4927,positive,Other
jabirabdala,5,2025-09-04,CBE,Google Play,0.0,neutral,Other
unfair cost of transportations... what a shame!!!,1,2025-09-04,CBE,Google Play,-0.795,negative,Other
"I think it is a good app to use easily. However, I have one more comment: the app does not automatically sync or update the balance in real time. Please review this issue. For example, when someone transfers money, the receiver's app does not sync automatically. It requires the user to manually initiate an update to see the current balance.",4,2025-09-04,CBE,Google Play,0.765,positive,"UI/UX, Transactions, Customer Support"
WAW!!! I AM PROUD!!! MY STRONG BANK WORKS AT BEST EVEN IN A REMOTE LOCATION HERE IN MALABO (ECUATORIAL GUINEA). MEWOLID MUBARAK CBE!!!,5,2025-09-04,CBE,Google Play,0.9147,positive,UI/UX
zinaa Ahmed,5,2025-09-04,CBE,Google Play,0.0,neutral,Other
absolutely excellent,5,2025-09-04,CBE,Google Play,0.6115,positive,Other
amazing app,5,2025-09-03,CBE,Google Play,0.5859,positive,Other
perfect and easy,5,2025-09-03,CBE,Google Play,0.765,positive,Other
fastest,5,2025-09-03,CBE,Google Play,0.0,neutral,Other
My account is not working,4,2025-09-03,CBE,Google Play,0.0,neutral,Other
The recent update is not optimized fir latest version of android,2,2025-09-02,CBE,Google Play,-0.357,negative,Other
topp,5,2025-09-02,CBE,Google Play,0.0,neutral,Other
I appreciate it,5,2025-09-01,CBE,Google Play,0.4019,positive,Other
v.good app,5,2025-09-01,CBE,Google Play,0.0,neutral,Other
sahib amin jamal,1,2025-08-31,CBE,Google Play,0.0,neutral,Other
installi,5,2025-08-31,CBE,Google Play,0.0,neutral,Other
very good apps,5,2025-08-30,CBE,Google Play,0.4927,positive,Other
üëçüëçüëçüëç,1,2025-08-30,CBE,Google Play,0.0,neutral,Other
the app say it is not compatible with ur phone can u fix it it is not updating.,1,2025-08-30,CBE,Google Play,0.0,neutral,Other
"I would like to give you some feedback on Current update, its very nice and easy to useüëç but in some button there is still not improved For example while iwant to check my recent Txn it not well sequenced and arranged or some txn may not appear ... becouse of this i see many of users of this app discomferted maily merchants and those make High txn daily. improve and miximize the txn shown to 300 up to 500. make Searchable Recent txn button! All in all the bank i Relly on! CBE my bank !",5,2025-08-29,CBE,Google Play,0.619,positive,Other
tinishu titiba,5,2025-08-29,CBE,Google Play,0.0,neutral,Other
"essy to use ,has great interface and user-friendly g",5,2025-08-29,CBE,Google Play,0.6249,positive,UI/UX
Yuuuuu,5,2025-08-29,CBE,Google Play,0.0,neutral,Other
I found it very much friendly,5,2025-08-29,CBE,Google Play,0.539,positive,Other
"Very useful app, while we use CBE.",5,2025-08-28,CBE,Google Play,0.4927,positive,Other
woooow,5,2025-08-28,CBE,Google Play,0.0,neutral,Other
Redmi,1,2025-08-28,CBE,Google Play,0.0,neutral,Other
·ä†·à≠·çç ·äê·ãç ·äê·åà·à≠ ·åç·äï ·à¥·â• ·ã´·à®·åà·ãç·äï ·ä†·ä´·ãç·äï·âµ ·ä•·ã´·å†·çã·â•·äï ·äê·ãç,5,2025-08-28,CBE,Google Play,0.0,neutral,Other
kamil aweil,5,2025-08-28,CBE,Google Play,0.0,neutral,Other
In your next update can you come with night mode future,5,2025-08-27,CBE,Google Play,0.0,neutral,Other
"Truly, super competitive when compared to a well known app nowadays functioning broadly by simplest features and means namely known as Telebirr super app, Thus, CBE is my top ultimate choice that I prefer over the other bank due to its beautiful power of lead as a result I could recommend CBE to others because of its service provision via ethical principles and practice for customers satisfaction with existence of constraints and challenges face from burglary and froudalent hacker. Thank you !",5,2025-08-27,CBE,Google Play,0.9834,positive,Customer Support
mayreba app you its better if you use other banks,1,2025-08-27,CBE,Google Play,0.4404,positive,Other
Not Prefect Transfer To Other Bank The Mony Not Deliverd Imidetliy Take Three Or Five Days,1,2025-08-27,CBE,Google Play,0.0,neutral,Transactions
let us know before you shut down the app,4,2025-08-27,CBE,Google Play,0.0,neutral,Other
excited,5,2025-08-27,CBE,Google Play,0.34,positive,Other
amizing,5,2025-08-26,CBE,Google Play,0.0,neutral,Other
love it,5,2025-08-26,CBE,Google Play,0.6369,positive,Other
yes it is v good,5,2025-08-26,CBE,Google Play,0.6808,positive,Other
A great update in the Mobile Banking Application. Thanks for the System and customization department,5,2025-08-26,CBE,Google Play,0.7906,positive,Other
this app is smart.,5,2025-08-26,CBE,Google Play,0.4019,positive,Other
I am happy,5,2025-08-26,CBE,Google Play,0.5719,positive,Other
Still I have not face critical problems sometimes delay to open,4,2025-08-26,CBE,Google Play,0.2311,positive,Other
·å§·äì ·ä®·ãµ·à®,5,2025-08-25,CBE,Google Play,0.0,neutral,Other
The connection between bank and the app is lag relationship this must be corrected.,4,2025-08-25,CBE,Google Play,-0.34,negative,Performance
I have forgotten mobail banking password,5,2025-08-25,CBE,Google Play,-0.2263,negative,Security
Thank you,5,2025-08-25,CBE,Google Play,0.3612,positive,Other
muktaar Abraahim,5,2025-08-25,CBE,Google Play,0.0,neutral,Other
ü§ûGood One,5,2025-08-24,CBE,Google Play,0.0,neutral,Other
why does it say change pin to 6 digits is that right?,4,2025-08-24,CBE,Google Play,0.0,neutral,Other
One of the worst mobile banking apps in Ethiopia. You can't access your txn record for more than 2 weeks.,1,2025-08-24,CBE,Google Play,-0.6249,negative,Other
i like it and aprshat.,4,2025-08-23,CBE,Google Play,0.3612,positive,Other
"The app has some issues I updated recently and now I am not able to send funds to my telebirr wallet, also we need to have a place we save our contacts where we usually send money to, after update I keep loosing all the important accounts.",4,2025-08-23,CBE,Google Play,0.6124,positive,Other
best app and easy to use,5,2025-08-23,CBE,Google Play,0.7964,positive,Other
doesn't work unless with data doesn't refresh fast other wise functions ok but after the update transferring to telebirr is not working,2,2025-08-23,CBE,Google Play,0.3919,positive,Transactions
List of transactions can't load over months and years..,1,2025-08-23,CBE,Google Play,0.0,neutral,Transactions
transferring money to telebirr is not working,1,2025-08-23,CBE,Google Play,0.0,neutral,Transactions
I don't Like this app and there service fee is highl,5,2025-08-23,CBE,Google Play,-0.2755,negative,Customer Support
·ä†·ã≤·à± Update ·å•·à© ·ä†·ã≠·ã∞·àà·àù. Update ·ä´·ã∞·à®·åç·ä©·âµ ·â†·äã·àã ·ä®·ãö·àÖ ·â†·çä·âµ ·àµ·àã·àã·ä≠·â£·â∏·ãç ·ã®·äê·â†·à©·âµ·äï Save ·ä†·ãµ·à≠·åé ·ã≠·ãû·âµ ·ã®·äê·â†·à®·ãç·äï ·àÅ·àâ·äï·àù ·ã®·à∞·ãé·âΩ ·ä†·ä´·ãç·äï·â∂·âΩ ·ä†·å•·çç·â∂·â•·äõ·àç.,2,2025-08-23,CBE,Google Play,0.4939,positive,Other
this application do not show over all transaction history,3,2025-08-23,CBE,Google Play,0.0,neutral,Transactions
this app is very nice but statment history is very shiort atlist add 15 days,4,2025-08-23,CBE,Google Play,0.2609,positive,Other
"This app stooped working after i updated it. It says change password and i did, but it doesn't open with the new password. I don't like it.",1,2025-08-23,CBE,Google Play,-0.395,negative,Security
best and secured application,5,2025-08-23,CBE,Google Play,0.7845,positive,Other
This application is excellent .,5,2025-08-22,CBE,Google Play,0.5719,positive,Other
"The new update is very bugged. can't view the names of account holders I previously had transactions with, and more recently, its almost impossible to load money to telebirr, always says unable to connect...please fix asap",1,2025-08-22,CBE,Google Play,0.0,neutral,"Transactions, Performance"
Thise App is Great,5,2025-08-22,CBE,Google Play,0.6249,positive,Other
·ä†·çï·àä·ä¨·àΩ·äë·äï ·ä†·â•·ã¥·âµ ·ä´·ã∞·à®·ä©·âµ ·â†·äã·àã ·ã®·àö·àµ·å•·à≠ ·âÅ·å•·à≠ ·ä†·å≠·à≠ ·àµ·àà·àÜ·äê ·âÄ·ã≠·à≠ ·â•·àé·äù ·àà·à∂·àµ·âµ ·âÄ·äì·âµ ·â•·àû·ä≠·à≠ unable to connect the server ·ä®·àõ·àà·â±·àù ·â†·àã·ã≠ ·ä†·çï·àä·ä´·àΩ·äë ·ä•·ã®·à∞·à´·àç·äù ·ä†·ã≠·ã∞·àà·àùüôèüôè,1,2025-08-22,CBE,Google Play,0.0,neutral,Other
"I love this app. really, but with some downsides too. Screenshot is mandatory after every transaction as to me, I need screenshots not downloaded recipient. It would be even better if transaction history is available via this app for months that we can access directly or via calender ways. Thanks.",4,2025-08-22,CBE,Google Play,0.8945,positive,Transactions
üëç,5,2025-08-22,CBE,Google Play,0.0,neutral,Other
it is good app,5,2025-08-22,CBE,Google Play,0.4404,positive,Other
good and always try to make new updats üôèüëç,5,2025-08-22,CBE,Google Play,0.4404,positive,Other
"I use the Commercial Bank of Ethiopia mobile app, and it‚Äôs fantastic! The interface is user-friendly, making it easy to check balances and transfer money. I love the bill payment feature, and the security measures give me peace of mind. Overall, it‚Äôs a reliable app that has simplified my banking experience. Highly recommend!",5,2025-08-22,CBE,Google Play,0.9637,positive,"UI/UX, Transactions, Security"
i don' want,5,2025-08-22,CBE,Google Play,0.0772,positive,Other
"it's very nice simple and convenient app! but I have only one comment on double verifications after the finger prints. even thought its good for makin' it more secure, Its not neccessary to double verify after the finger print verification. no need to verify by pin again. thank you!",5,2025-08-22,CBE,Google Play,0.8878,positive,Other
one of the best,5,2025-08-22,CBE,Google Play,0.6369,positive,Other
"why is it every time the app is updated history of previous account numbers keeps missing , WHY??",1,2025-08-21,CBE,Google Play,-0.3736,negative,Other
You guys charge way to much when we transfer money from CBE to Telebirr via this app,3,2025-08-21,CBE,Google Play,0.0,neutral,Transactions
not bad apk,1,2025-08-21,CBE,Google Play,0.431,positive,Other
yes these app is so good for our saving and marketing system go ETHIOPIA GO!!!,5,2025-08-21,CBE,Google Play,0.8083,positive,Other
best mobile banking App that have seen .,5,2025-08-21,CBE,Google Play,0.6369,positive,Other
It's very helpful apps,5,2025-08-21,CBE,Google Play,0.4754,positive,Customer Support
Every major update means you have to go back to Ethiopia to make the app work. In 2025?,2,2025-08-21,CBE,Google Play,0.0,neutral,Other
"Unable to connect, pls. Improve the system",5,2025-08-20,CBE,Google Play,0.4939,positive,Other
well app,5,2025-08-20,CBE,Google Play,0.2732,positive,Other
"Smart service But, your service charge is too high",5,2025-08-20,CBE,Google Play,0.2144,positive,Customer Support
perfect üëå keep,5,2025-08-20,CBE,Google Play,0.5719,positive,Other
"·ä•·â£·ä´·âΩ·àÅ ·ä†·çë ·å•·à© ·äê·ãç ·äê·åà·à≠ ·åç·äï ·â†·çà·àà·åç·äê·ãç ·åä·ãú·äì ·à∞·ä†·âµ ·àò·å†·âÄ·àù ·ä†·àç·âª·àç·äï·àù ·äî·âµ·ãé·à≠·ä≠ ·ä•·ã´·àà ·ä•·äï·ä≥ ·ä•·ã´·àµ·å†·âÄ·àò·äï ·ä†·ã≠·ã∞·àà·àù""""",2,2025-08-20,CBE,Google Play,0.0,neutral,Other
excellent plus,5,2025-08-20,CBE,Google Play,0.5719,positive,Other
Would be great if it displays service fees before proceeding with transaction.,4,2025-08-20,CBE,Google Play,0.6249,positive,"Transactions, Customer Support"
so disappointing :((,1,2025-08-20,CBE,Google Play,-0.5413,negative,Other
what nice app i never usedyet,4,2025-08-20,CBE,Google Play,0.4215,positive,Other
Excellent,5,2025-08-20,CBE,Google Play,0.5719,positive,Other
ke gizew ga emihed astemamagn metegberya,1,2025-08-20,CBE,Google Play,0.0,neutral,Other
"this app is pretty good. The recent one was the nicest. however after the update, it restricts me from taking a screenshot. i would be happy if you remove screenshots restriction policy from this app. why I gave it five stars was because of the past performances of this app. keep in mind to remove the screenshot restriction policy from this app. and also it has no self authorizations. once uninstalled it needs extra sim cards and wants to visit nearby banks in person.",5,2025-08-20,CBE,Google Play,0.743,positive,Other
Send money for some account but don't reserved Ball,5,2025-08-20,CBE,Google Play,0.0,neutral,Other
very goodüôèüôè,5,2025-08-19,CBE,Google Play,0.0,neutral,Other
I recognized thank you,5,2025-08-19,CBE,Google Play,0.3612,positive,Other
Best feature!!,5,2025-08-19,CBE,Google Play,0.6988,positive,Other
the saved account totally removed ..why????????,1,2025-08-19,CBE,Google Play,0.5803,positive,Other
good bank Ethiopian very nic,5,2025-08-18,CBE,Google Play,0.4404,positive,Other
this good app but screenshot must enable,4,2025-08-18,CBE,Google Play,0.2382,positive,Other
·â†·çä·âµ ·â•·à≠ ·âµ·à´·äï·àµ·çà·à≠ ·ã®·â∞·ã∞·à®·åà·â£·â∏·ãâ·äï ·ä†·ä´·ãâ·äï·â∂·âΩ remove ·ä†·à≠·åì·àç ·ã®·àö·ã´·äì·ãµ·ãµ update ·äê·ãç ::,1,2025-08-18,CBE,Google Play,0.0,neutral,Other
change mobile banking CBE,5,2025-08-18,CBE,Google Play,0.0,neutral,Other
The process of updating is not functioning easily. Installing is easy than updating. Screenshot should not be prevented. it is an instant evidence needed for some transactions.,2,2025-08-18,CBE,Google Play,0.1999,positive,Transactions
Adisi Deti,5,2025-08-17,CBE,Google Play,0.0,neutral,Other
this app is the good apps,5,2025-08-17,CBE,Google Play,0.4404,positive,Other
·ä†·à™·çã ·äê·ãâ ·äê·åà·à≠ ·åç·äï Recent Transaction ·â†·å£·àù ·ã®·âÜ·ã®·ãâ·äï ·äê·ãâ ·ã®·àö·ã´·à≥·ã≠ Evene refresh ·àÅ·àâ ·à≤·ã∞·à®·åç ·âµ·ä≠·ä≠·àà·äõ ·ã®·âÖ·à≠·â• Transaction ·ä†·ã´·à≥·ã≠·àù·ç¢ Please ·ä†·àµ·â∞·ä´·ä≠·àâ·âµ,2,2025-08-15,CBE,Google Play,0.3182,positive,Transactions
congra ethio,5,2025-08-15,CBE,Google Play,0.0,neutral,Other
·ä•·äï·ã≤·àÅ ·äê·ãç ·ã®·à∞·â∞·äã·âΩ·àÅ ·àà·àû·à´·àç,5,2025-08-15,CBE,Google Play,0.0,neutral,Other
I don't think it is compatible with the new android version 16 it fails to open. Please update it or find a solution.,1,2025-08-14,CBE,Google Play,0.2023,positive,Other
"ohhhhü§¶ you must upgrade transferring problem. most of time, when transfer from CBE mobile banking to tele birr account, always suspending for 3 to 5 days ü§î. please try to fix it üôè",2,2025-08-14,CBE,Google Play,-0.1027,negative,Transactions
this APK Best for most of people,5,2025-08-13,CBE,Google Play,0.6369,positive,Other
good keep it up,5,2025-08-13,CBE,Google Play,0.4404,positive,Other
very nice app,5,2025-08-12,CBE,Google Play,0.4754,positive,Other
Most of the time either the app or *889# don't work,2,2025-08-12,CBE,Google Play,0.0,neutral,Other
cbe. noor,2,2025-08-12,CBE,Google Play,0.0,neutral,Other
why this app is logging in while your device is not connected to internet ... is it appropriate ?... and it isnt exposed to hucking or malicious activity?,1,2025-08-12,CBE,Google Play,0.1486,positive,Other
·â†·å£·àù ·ä†·à™·çç ·äê·ãç ·â†·à≠·â±·àç·äï,5,2025-08-12,CBE,Google Play,0.0,neutral,Other
this is so good,5,2025-08-11,CBE,Google Play,0.5777,positive,Other
‚ù§‚ù§‚ù§‚ù§‚ù§üòÇ,5,2025-08-10,CBE,Google Play,0.0,neutral,Other
Very interesting ü§î,5,2025-08-10,CBE,Google Play,0.4576,positive,Other
very good app üëçüëçüëç time saving and more accurate,5,2025-08-09,CBE,Google Play,0.4927,positive,Other
"i like your app to order ATM card through it, i get it new on your app",5,2025-08-09,CBE,Google Play,0.3612,positive,Other
very bad app,1,2025-08-09,CBE,Google Play,-0.5849,negative,Other
good üëç,5,2025-08-09,CBE,Google Play,0.4404,positive,Other
it is the best transferring AP,5,2025-08-08,CBE,Google Play,0.6369,positive,Transactions
it's good but add some more please,3,2025-08-08,CBE,Google Play,0.653,positive,Other
best servis app,4,2025-08-07,CBE,Google Play,0.6369,positive,Other
very useful to use it from any where in the world !,5,2025-08-07,CBE,Google Play,0.54,positive,Other
it very good but why block the screen shoot,5,2025-08-07,CBE,Google Play,-0.7053,negative,Other
Good app,5,2025-08-07,CBE,Google Play,0.4404,positive,Other
"the most disgusting app,",1,2025-08-07,CBE,Google Play,-0.5709,negative,Other
·â•·ãô ·ã®·àö·âÄ·à© ·äê·åà·àÆ ·ä†·àâ ·àà·àù·à≥·àå ·ä†·äï·ãµ ·à∞·ãç ·ãà·ã∞ ·â¥·àå ·â•·à≠ ·à≤·àç·ä≠ ·åç·ã¥·â≥ ·ä†·ä´·ä´·ãç·äï·âµ ·ã®·ä®·çà·â∞·â†·âµ ·àµ·àç·ä≠ ·àò·àÜ·äï ·ä†·ã≠·å†·â†·âÖ·â†·âµ·àù ·ä•·äì ·à≤·àµ·â∞·àô ·ã®·â†·àà·å† ·ä†·ãò·àù·äë·âµ ·à∞·ãç ·â£·äï·ä≠ ·à≤·àò·å£ ·ã®·çà·å†·äê ·àõ·àµ·â∞·äì·åà·ãµ ·ãà·ã∞ ·âÖ·à≠·äï·å´·çç ·à≤·àò·å£ ·ä•·ãõ·àù ·ä†·ä´·ãç·äï·âµ ·ä•·ãö·àù ·ä†·ä´·ãç·äï·âµ ·àò·ä®·çà·âµ ·ã®·àà·â†·âµ·àù ·ä•·äï·ã≤ ·à≤·àÜ·äï ·ã∞·äï·â†·äõ ·ã≠·à∏·àª·àç ·àå·àã·ãç ·ã∞·àû ·ã®·à∞·à´·â∞·äû·âπ·äï ·àç·â•·àµ ·âÄ·ã≠·à©·âµ ·ä•·ãç·äê·âµ ·àà·àò·äì·åà·à≠ ·âÄ·â§·à≠ ·ä†·àµ·çà·çÉ·àö ·äê·ãç ·àö·àò·àµ·àâ·âµ ·ã®·âÄ·à®·ãç·äï ·ä•·äì·äï·â∞ ·àò·à≠·àù·à´·âπ ·ä†·àµ·â∞·ä´·ä≠·àâ·âµ ·ä†·àò·à∞·åç·äì·àà·àÅ,3,2025-08-07,CBE,Google Play,0.0,neutral,Other
"unexpected anomalies, unreliable as fintec app",2,2025-08-05,CBE,Google Play,0.0,neutral,Other
best one,5,2025-08-05,CBE,Google Play,0.6369,positive,Other
awesome,5,2025-08-05,CBE,Google Play,0.6249,positive,Other
so good,5,2025-08-04,CBE,Google Play,0.4927,positive,Other
worst experience,1,2025-08-04,CBE,Google Play,-0.6249,negative,Other
The 1st one is CBE,5,2025-08-04,CBE,Google Play,0.0,neutral,Other
"this is the worst app that could exist on the planet, omg it literally crashes every month",1,2025-08-04,CBE,Google Play,-0.6249,negative,Performance
CBE,5,2025-08-04,CBE,Google Play,0.0,neutral,Other
Nise,5,2025-08-04,CBE,Google Play,0.0,neutral,Other
commercial Bank üè¶,5,2025-08-04,CBE,Google Play,0.0,neutral,Other
goood werk,5,2025-08-03,CBE,Google Play,0.0,neutral,Other
·â•·ãô ·åä·ãú ·ã´·àµ·â∏·åç·à´·àç ·ä†·ã≠·à∞·à´·àù error now milew,5,2025-08-03,CBE,Google Play,-0.4019,negative,Other
not user friendly at all it requires a huge connectivity and also lags many times üòëüòëüòë,1,2025-11-26,DashnBank,Google Play,-0.4268,negative,"UI/UX, Performance"
·àù·äï·àù ·ã®·àõ·ã≠ ·à∞·à´,1,2025-11-26,DashnBank,Google Play,0.0,neutral,Other
most of the time is not working properly,1,2025-11-25,DashnBank,Google Play,0.0,neutral,Other
good service,5,2025-11-25,DashnBank,Google Play,0.4404,positive,Customer Support
not use for me,3,2025-11-23,DashnBank,Google Play,0.0,neutral,Other
It keeps notifying me to disable developer options and quiet while I'm not enabled. always bring another type of problem with new updates.,1,2025-11-22,DashnBank,Google Play,-0.4019,negative,UI/UX
waw,5,2025-11-21,DashnBank,Google Play,0.0,neutral,Other
the lag is unbelievable when you need it the most this suks,1,2025-11-19,DashnBank,Google Play,-0.1531,negative,Performance
I cant belive I could find the worst bank app ever .yet very simple to fix the problem and the company just ignored it. no body can do business with this kind of app.,1,2025-11-18,DashnBank,Google Play,-0.8834,negative,Other
it is a good app,5,2025-11-18,DashnBank,Google Play,0.4404,positive,Other
it is not working at all,1,2025-11-15,DashnBank,Google Play,0.0,neutral,Other
ü•∞ü•∞ü•∞ü•∞ü•∞ app is good but i was live in abroad and when i enter my otp code it didnt make me to write my code it the app want it self write thats not fair so please other wise i like it why,5,2025-11-15,DashnBank,Google Play,0.9142,positive,Other
when trying to activate the app it keeps on loading on the security questions page. It has been two days,1,2025-11-13,DashnBank,Google Play,0.34,positive,Security
fast and simple,5,2025-11-11,DashnBank,Google Play,0.0,neutral,Other
best of best,5,2025-11-10,DashnBank,Google Play,0.8555,positive,Other
Worest Banking App Ever I seen. Fake App Bad Better to Leave,1,2025-11-10,DashnBank,Google Play,-0.5994,negative,Other
"I would like to share feedback regarding the application. It frequently experiences disruptions and does not function properly, often freezing or failing to load. This issue is affecting workflow and efficiency. Kindly review and address this problem to ensure smoother performance.",1,2025-11-08,DashnBank,Google Play,0.4166,positive,Other
Meet you genuine.App I tried is not functional.Helping.welldoingwith BOA Ethiopia .fastandrelevant.morconnecting Digitalyworld.Digitalyworld. thanks.,5,2025-11-08,DashnBank,Google Play,0.4404,positive,"UI/UX, Customer Support"
"Barely works, it always fails to connect",1,2025-11-07,DashnBank,Google Play,-0.4215,negative,Other
my fav app,5,2025-11-07,DashnBank,Google Play,0.4588,positive,Other
this app launch time is so long also has dozen bugs in addition it's has been long time get update,1,2025-11-05,DashnBank,Google Play,0.0,neutral,Performance
"Your application is very irritating to use, some functionality doesn't even work like on the card management. You need to do better than this and it good idea to reference other banking applications.",3,2025-11-04,DashnBank,Google Play,0.102,positive,Other
I like,5,2025-11-02,DashnBank,Google Play,0.3612,positive,Other
·ãà·ã≠ ·ä†·àª·àΩ·àâ·âµ·äì ·ä•·äï·å†·âÄ·àù·â†·âµ ·ã´·àà·ã´ ·â•·â≥·å†·çâ·âµ ·ã≠·àª·àã·àç·ç¢ ·â†·âÉ ·àù·äï·àù ·äê·åà·à≠ ·ä†·ã≠·à∞·à´·àù ·àò·â∞·åç·â†·à™·ã´ ·ä†·àà·äï ·â•·àã·âΩ·àÅ ·ä•·äï·ã≥·â≥·ãà·à© ·àà·àõ·äï·àù ·ã®·àõ·ã≠·àò·ä®·à≠ ·âÄ·à≠·çã·çã·äì ·â∞·åç·â£·à≠ ·ã®·àà·àΩ ·àò·â∞·åç·â†·à™·ã´,1,2025-11-01,DashnBank,Google Play,0.0,neutral,Other
i m sorry but it doesn't work for my android it is too slow but other bank are very fast please update,1,2025-10-30,DashnBank,Google Play,0.4969,positive,Performance
"the worst app ever,",1,2025-10-30,DashnBank,Google Play,-0.6249,negative,Other
better,5,2025-10-29,DashnBank,Google Play,0.4404,positive,Other
"I kindly request that Bank of abyssinia address issues with its mobile app. It is very slow, has numerous problems, and frequently experiences downtime. The user experience is also poor. Thank you.",1,2025-10-28,DashnBank,Google Play,-0.0258,neutral,"UI/UX, Performance"
this app can't open? what is problem? please solve my problem?,1,2025-10-28,DashnBank,Google Play,-0.4291,negative,Other
kiyaa makonn,5,2025-10-27,DashnBank,Google Play,0.0,neutral,Other
very very lazy app,1,2025-10-26,DashnBank,Google Play,-0.4716,negative,Other
telebirr remittance,5,2025-10-24,DashnBank,Google Play,0.0,neutral,Other
The best bank in üá™üáπ,5,2025-10-23,DashnBank,Google Play,0.6369,positive,Other
its good,5,2025-10-22,DashnBank,Google Play,0.4404,positive,Other
the worst app in my financial experience.,1,2025-10-22,DashnBank,Google Play,-0.6249,negative,Other
good for mb appliciation,5,2025-10-21,DashnBank,Google Play,0.4404,positive,Other
the worst bank ever. slow don't accept dual sim. they are very stupid and greedy,1,2025-10-20,DashnBank,Google Play,-0.9107,negative,Performance
try to easy network,4,2025-10-17,DashnBank,Google Play,0.4404,positive,Other
hussen hassen umer,5,2025-10-16,DashnBank,Google Play,0.0,neutral,Other
"The app is not suitable and lacks a good UI design. As a large bank, you must update your app with a professional UI that is fast and appropriate.",2,2025-10-16,DashnBank,Google Play,0.4404,positive,UI/UX
an exceptional banking app.,5,2025-10-16,DashnBank,Google Play,0.0,neutral,Other
alhamdulilah,5,2025-10-11,DashnBank,Google Play,0.0,neutral,Other
poor,5,2025-10-11,DashnBank,Google Play,-0.4767,negative,Other
Best of best,5,2025-10-09,DashnBank,Google Play,0.8555,positive,Other
from the last week updates the app is not working Please check the problems,1,2025-10-08,DashnBank,Google Play,-0.5664,negative,Other
It's always crushing,1,2025-10-08,DashnBank,Google Play,-0.3612,negative,Other
office branches have to improve their services please,4,2025-10-07,DashnBank,Google Play,0.6369,positive,Customer Support
‚ô•Ô∏è‚ô•Ô∏è,5,2025-10-05,DashnBank,Google Play,0.0,neutral,Other
Why does it keep crashing? I can't even use this. BOA should do better. You have many customers and how to deal with this. I can't send money now.,1,2025-10-05,DashnBank,Google Play,0.4404,positive,Performance
it needs a timely update,5,2025-10-03,DashnBank,Google Play,0.0,neutral,Other
"It does not show the name of the person who sent the money to request a receipt. This has become very difficult for us. When different people transfer the same amount to me from different banks, it is very difficult to identify the account or the name of the sender.",3,2025-10-01,DashnBank,Google Play,-0.6794,negative,Transactions
I can't type my otp on it.,1,2025-10-01,DashnBank,Google Play,0.0,neutral,Other
"most of bank apps in Ethiopia are linked with ethiopian phone number, I live in US permanently so when I open BoA account, I told them where I live and to link it with email address instead of phone # as ethio phone number is not working where I live, unfortunetly my fear appeared and now when I change my phone device, it send the code to the ethio number which is not with me now. so please when u develop bank apps consider the diaspora community to use ur apps",1,2025-10-01,DashnBank,Google Play,0.1757,positive,Other
jaajja,4,2025-09-30,DashnBank,Google Play,0.0,neutral,Other
I love this bank the best experience ever.,5,2025-09-28,DashnBank,Google Play,0.8555,positive,Other
"Nothing has been improved, it doesn't work like the previous version.",1,2025-09-25,DashnBank,Google Play,-0.5667,negative,Other
easy and fast,5,2025-09-24,DashnBank,Google Play,0.4404,positive,Other
Great,5,2025-09-20,DashnBank,Google Play,0.6249,positive,Other
mobile banking,5,2025-09-19,DashnBank,Google Play,0.0,neutral,Other
"need alot of connection, chooses device, very lug even when there is connection",1,2025-09-17,DashnBank,Google Play,0.0,neutral,Other
On my ios it's perfect but on android it barley works and don't transfer and after a while it crushed and totally stopped working. Please fix the issue my beloved bank of abyssinia.,1,2025-09-15,DashnBank,Google Play,0.5656,positive,Transactions
since the last update i can open the app crashes a lot and omg its being very slow opening and loading,2,2025-09-15,DashnBank,Google Play,0.0,neutral,Performance
none,5,2025-09-14,DashnBank,Google Play,0.0,neutral,Other
very good app i ever used,5,2025-09-12,DashnBank,Google Play,0.4927,positive,Other
its nice app especially the transaction limit is extended but We face that BoA m.banking app doesn't respond at the activation stage strictly at SMSNG mobile phone. please try this to make safe.,4,2025-09-11,DashnBank,Google Play,0.8271,positive,"Transactions, Security"
zedo,5,2025-09-11,DashnBank,Google Play,0.0,neutral,Other
please open my mobile app,5,2025-09-10,DashnBank,Google Play,0.3182,positive,Other
it doesn't open,1,2025-09-10,DashnBank,Google Play,0.0,neutral,Other
Very Good,5,2025-09-09,DashnBank,Google Play,0.4927,positive,Other
masha alla,5,2025-09-08,DashnBank,Google Play,0.0,neutral,Other
Best banking transaction application in Ethiopia !,5,2025-09-05,DashnBank,Google Play,0.6696,positive,Transactions
ÿßŸÑÿ≥ŸÑÿßŸÖ ÿπŸÑŸäŸÉŸÖ Ÿàÿ±ÿ≠ŸÖÿ© ÿßŸÑŸÑŸá Ÿàÿ®ÿ±ŸÉÿßÿ™Ÿá ŸÖÿßÿ¥ÿßÿ° ÿßŸÑŸÑŸá ÿ™ÿ®ÿßÿ±ŸÉ ÿßŸÑÿ±ÿ≠ŸÖŸÜ Ÿáÿ∞ÿß ÿßŸÑÿ™ÿ∑ÿ®ŸäŸÇ ŸÖŸÖÿ™ÿßÿ≤ ÿ¨ÿØÿß,5,2025-09-04,DashnBank,Google Play,0.0,neutral,Other
tamaam kamal,1,2025-09-04,DashnBank,Google Play,0.0,neutral,Other
·â†·å£·àù ·àê·à™·çç,5,2025-09-03,DashnBank,Google Play,0.0,neutral,Other
great üëç,5,2025-09-02,DashnBank,Google Play,0.6249,positive,Other
goof,4,2025-09-01,DashnBank,Google Play,0.0,neutral,Other
absiniya banki,5,2025-08-29,DashnBank,Google Play,0.0,neutral,Other
has issue after installation and i think it doesn't work with tecno common 30,1,2025-08-26,DashnBank,Google Play,0.0,neutral,Other
One of the best in this business,5,2025-08-25,DashnBank,Google Play,0.6369,positive,Other
besatü•∞,5,2025-08-19,DashnBank,Google Play,0.0,neutral,Other
unlimited experience,5,2025-08-18,DashnBank,Google Play,0.0,neutral,Other
"as bank, u should at least hire someone good at their job bc this a joke nowadays I can't even log in or even transfer without it crashing if u fix the app I will update this review I am counting on u boa update: so they atleast fixed it but as suggestion can u put password when in final step of sending money it will feel more secure that way",4,2025-08-17,DashnBank,Google Play,0.7383,positive,"Transactions, Performance, Security"
very nice mobile banking app my favourite,5,2025-08-16,DashnBank,Google Play,0.4754,positive,Other
"it almost never boots up!!! and even if it did, it crashes immediately",1,2025-08-15,DashnBank,Google Play,0.0,neutral,Performance
best apps,5,2025-08-15,DashnBank,Google Play,0.6369,positive,Other
the worst app ever to exist in a bank history,1,2025-08-15,DashnBank,Google Play,-0.6249,negative,Other
thank you,5,2025-08-14,DashnBank,Google Play,0.3612,positive,Other
Best mobile app in the country,5,2025-08-14,DashnBank,Google Play,0.6369,positive,Other
not fast,2,2025-08-12,DashnBank,Google Play,0.0,neutral,Other
keeps freezing at the front page.,1,2025-08-10,DashnBank,Google Play,-0.1027,negative,Other
it is not working on redminote 11 pro+ pls fix it,1,2025-08-08,DashnBank,Google Play,0.0772,positive,Other
abseniya bank app,5,2025-08-08,DashnBank,Google Play,0.0,neutral,Other
yes goode app,5,2025-08-03,DashnBank,Google Play,0.4019,positive,Other
Great App,5,2025-08-02,DashnBank,Google Play,0.6249,positive,Other
1) Crashes repeatedly 2) Takes Century to Boot 3) Repeatedly requires Update which is very annoying. 4) It doesn't ask for Password for one step confirmation when transferring money. 5) Automatically stops music when the app is launched (it doesn't really matter just fyi) Overall this have to be the worst mobile banking app I have tried so far and should not be released with all these bugs & issues.,1,2025-08-02,DashnBank,Google Play,-0.8168,negative,"UI/UX, Transactions, Customer Support, Performance, Security"
·à®·åÄ·â•·äê·à±,1,2025-07-31,DashnBank,Google Play,0.0,neutral,Other
The Worst Mobile Banking App.,1,2025-07-31,DashnBank,Google Play,-0.6249,negative,Other
giod,5,2025-07-30,DashnBank,Google Play,0.0,neutral,Other
best bank in ethiopia,5,2025-07-29,DashnBank,Google Play,0.6369,positive,Other
waqayyoo,5,2025-07-28,DashnBank,Google Play,0.0,neutral,Other
please is not working,2,2025-07-27,DashnBank,Google Play,0.3182,positive,Other
nothing when I need to install the Apk it say that re-up date,5,2025-07-25,DashnBank,Google Play,0.0,neutral,Other
I can log in from any where,5,2025-07-23,DashnBank,Google Play,0.0,neutral,Other
üòá,3,2025-07-21,DashnBank,Google Play,0.0,neutral,Other
no proplem,5,2025-07-20,DashnBank,Google Play,-0.296,negative,Other
üëçüëçüëç,5,2025-07-20,DashnBank,Google Play,0.0,neutral,Other
excellent app,5,2025-07-18,DashnBank,Google Play,0.5719,positive,Other
good work,5,2025-07-15,DashnBank,Google Play,0.4404,positive,Other
‚òπÔ∏è,5,2025-07-15,DashnBank,Google Play,0.0,neutral,Other
Great BoA,5,2025-07-14,DashnBank,Google Play,0.6249,positive,Other
Okay,4,2025-07-13,DashnBank,Google Play,0.2263,positive,Other
not working,1,2025-07-12,DashnBank,Google Play,0.0,neutral,Other
This App is Getting worse and worse with every update,2,2025-07-11,DashnBank,Google Play,-0.7351,negative,Other
·àù·à≠·å• ·äê·ãç,1,2025-07-10,DashnBank,Google Play,0.0,neutral,Other
meku,5,2025-07-07,DashnBank,Google Play,0.0,neutral,Other
awasome app go a head,5,2025-07-04,DashnBank,Google Play,0.0,neutral,Other
it sucks as hell. it crashes most of the time and takes a long time to load .,1,2025-07-03,DashnBank,Google Play,-0.7964,negative,Performance
"The App is nice and easy to use but after some time it crushed and said ""Error check your device connectivity"" please fix it",3,2025-07-02,DashnBank,Google Play,-0.3506,negative,Other
Easy and very nice app to load more than the previouse but in recent time some loading problem detected.,5,2025-07-01,DashnBank,Google Play,-0.1415,negative,Other
"The worst MBA I have experienced, The app crush frequently and they take to long to fix the problem even more than a week.",1,2025-06-27,DashnBank,Google Play,-0.8126,negative,Other
amazing Banks Appüëåüëå,3,2025-06-25,DashnBank,Google Play,0.5859,positive,Other
good App fore me,5,2025-06-25,DashnBank,Google Play,0.4404,positive,Other
"very uninterested it's not working when the ""developer mode on"" i haven't off the developer options i preferred to uninstall your app .....",1,2025-06-24,DashnBank,Google Play,0.0,neutral,Other
fantastic,5,2025-06-22,DashnBank,Google Play,0.5574,positive,Other
it's nice to use.,5,2025-06-21,DashnBank,Google Play,0.4215,positive,Other
app doesn't start,1,2025-06-21,DashnBank,Google Play,0.0,neutral,Other
Excellent application,5,2025-06-18,DashnBank,Google Play,0.5719,positive,Other
its very bad app its very slow,1,2025-06-17,DashnBank,Google Play,-0.5849,negative,Performance
·â•·ãô·ã¨ ·à∫·ãã·ã® ·â†·àà·å†,1,2025-06-15,DashnBank,Google Play,0.0,neutral,Other
Good job!,5,2025-06-13,DashnBank,Google Play,0.4926,positive,Other
best financial app.,5,2025-06-12,DashnBank,Google Play,0.6369,positive,Other
·âÜ·äï·åÜ ·äê·ãç ·â†·à≠·â±,5,2025-06-11,DashnBank,Google Play,0.0,neutral,Other
the worst app humans ever created,1,2025-06-09,DashnBank,Google Play,-0.4767,negative,Other
it's not working,3,2025-06-05,DashnBank,Google Play,0.0,neutral,Other
"Hello, I‚Äôm facing a problem with the BOA Mobile app. Every time I enter my phone number and password, the app crashes and shows an error that says ‚ÄúBoaMobile closed because this app has a bug.‚Äù I tried updating, reinstalling, and clearing cache, but nothing worked. Please fix this bug in the next update. I really need access to my account. Thank you.",1,2025-06-03,DashnBank,Google Play,-0.1884,negative,"Performance, Security"
exceptional,5,2025-06-03,DashnBank,Google Play,0.0,neutral,Other
BoA Mobile good bank,5,2025-06-02,DashnBank,Google Play,0.4404,positive,Other
this is worest app 24/7 loading,1,2025-06-01,DashnBank,Google Play,0.0,neutral,Other
BoA system is confartable,5,2025-06-01,DashnBank,Google Play,0.0,neutral,Other
"this app, for me , is a waste of time. It doesn't work . I can't even long in, and it really piss me off. FIX THE PROBLEM",1,2025-05-27,DashnBank,Google Play,-0.8491,negative,Other
Good service.,3,2025-05-25,DashnBank,Google Play,0.4404,positive,Customer Support
the app crush frequently,1,2025-05-24,DashnBank,Google Play,-0.1531,negative,Other
You guys keeps getting worst,1,2025-05-22,DashnBank,Google Play,-0.6249,negative,Other
"This app is a joke. It crashes more than it works, takes forever to load, and half the features are just decorative at this point. Can‚Äôt log in, can‚Äôt transfer money, can‚Äôt even check my balance without it bugging out. To the developer: Are you actually trying to make this work, or is this some kind of social experiment to test our patience? Did you build this in your sleep? Because it definitely looks like it. If this is your idea of a functional app, maybe consider a different career pathüôè",1,2025-05-21,DashnBank,Google Play,0.7757,positive,"UI/UX, Transactions, Performance"
BoA,2,2025-05-20,DashnBank,Google Play,0.0,neutral,Other
but not opening on android,4,2025-05-19,DashnBank,Google Play,0.0,neutral,Other
Worst App ever. Totally unreliable. And it didn't work at all for the last 4 months.,1,2025-05-18,DashnBank,Google Play,-0.6249,negative,Other
amazing,5,2025-05-18,DashnBank,Google Play,0.5859,positive,Other
"this app does no work on Samsung a51, it just gives a preview of the logo",1,2025-05-11,DashnBank,Google Play,-0.296,negative,Other
"i entered incorrect security question by mistake boa app lock pin forever, why is there no other options? ?? i contacted different branchs more then 4times but they didn't able to solve this issue .",5,2025-05-10,DashnBank,Google Play,-0.4639,negative,Security
liking this application good üëç,5,2025-05-07,DashnBank,Google Play,0.6808,positive,Other
"This app future is good, but there is problems with apps to reset and activate it, which is difficult even to the branch staffs, and it takes too long times to active at the branch plus most of the time high expected failure of activation after process at the counter and OTP sent not work",1,2025-05-06,DashnBank,Google Play,-0.775,negative,Other
it's really good üëç,5,2025-04-23,DashnBank,Google Play,0.4927,positive,Other
Bad app . it stuck when you open and noting WORKS.,1,2025-04-23,DashnBank,Google Play,-0.6705,negative,Other
"the app isn't working after it asked me the password it starts loading, but it doesn't open",3,2025-04-20,DashnBank,Google Play,0.0,neutral,Security
It keeps showing this pop up to turn off developer options even tho it's off! I had to turn on and then off to make it work! This is a horrible experience and needs a fix asap! Plus kinda slow.,1,2025-04-19,DashnBank,Google Play,-0.6571,negative,Performance
yideg,1,2025-04-18,DashnBank,Google Play,0.0,neutral,Other
great boa,5,2025-04-10,DashnBank,Google Play,0.6249,positive,Other
boa of mobile backing,5,2025-04-09,DashnBank,Google Play,0.0258,neutral,Other
faster bank of Abissinya,5,2025-04-08,DashnBank,Google Play,0.0,neutral,Other
i would have given it a lower if it was possible because it crush so much and it take the bank so long to fix the bug,1,2025-04-08,DashnBank,Google Play,-0.4215,negative,Performance
it just doesn't work...so frustrating,1,2025-04-07,DashnBank,Google Play,0.3412,positive,Other
like,5,2025-04-06,DashnBank,Google Play,0.3612,positive,Other
it's not work correctly... you must have update it,1,2025-04-06,DashnBank,Google Play,0.0,neutral,Other
"the app gets a considerable improvements like language , QR scanner and unlimited transfers survice. but BOA Please do alot on its fastness and convenient when we login and making a transactions.",5,2025-04-04,DashnBank,Google Play,0.6542,positive,"Transactions, Security"
after i typed in my password it says successfully logged out ...and goes back to the first page,2,2025-04-04,DashnBank,Google Play,0.4939,positive,Security
good but they don't update enough don't add new things,3,2025-04-04,DashnBank,Google Play,0.2382,positive,Other
it doesn't work period z slowest mobile banking ever i would rather use *815#,1,2025-04-01,DashnBank,Google Play,0.0,neutral,Performance
"after activated the application it not allowed to sign , automatically it is turn off In my phone, why ?",1,2025-03-31,DashnBank,Google Play,0.0,neutral,Customer Support
good application,5,2025-03-30,DashnBank,Google Play,0.4404,positive,Other
this version is not working for me I cannot even buy card. I cannot send money,1,2025-03-30,DashnBank,Google Play,0.0,neutral,Other
"It can't actively on initialization, it says incorrect OTP getting the exact OTP",1,2025-03-29,DashnBank,Google Play,-0.2411,negative,Other
always problematic hardly works,1,2025-03-26,DashnBank,Google Play,-0.4404,negative,Other
considering the fact the bank is huge this app really bad you could do better,1,2025-03-25,DashnBank,Google Play,0.1045,positive,Other
"worst app and Bank ever u be ashamed, scammer",1,2025-03-24,DashnBank,Google Play,-0.802,negative,Other
great BoA,5,2025-03-22,DashnBank,Google Play,0.6249,positive,Other
i have went to the bank so many times because i couldn't make any transaction i can only see my balance nothing else so what is the point of having mobile banking if i can't make any transaction with it please work in that,1,2025-03-21,DashnBank,Google Play,0.3182,positive,Transactions
there is no speed,1,2025-03-19,DashnBank,Google Play,-0.296,negative,Other
"For anyone who wants to download it, just don't!!!",1,2025-03-19,DashnBank,Google Play,0.0,neutral,Other
wonderful,5,2025-03-19,DashnBank,Google Play,0.5719,positive,Other
all worck,5,2025-03-19,DashnBank,Google Play,0.0,neutral,Other
Loved it,5,2025-03-14,DashnBank,Google Play,0.5994,positive,Other
Wow,1,2025-03-14,DashnBank,Google Play,0.5859,positive,Other
"Edit: New bug, app not letting me type in my otp codes. Shameful Why does this app not allow me to use it while having developer options on? Did y'all consider that I might, perhaps, be an actual developer? Why am I expected to toggle the option on and off just to bank (restarting my phone when I do)? Why is the message labled as somthing that will ""smoothen"" the experience? This is like the most ""security consultant"" thing to implement in an app. Please invest in actual security, not this mess.",1,2025-03-12,DashnBank,Google Play,0.8121,positive,"Performance, Security"
Improved to be the best,5,2025-03-11,DashnBank,Google Play,0.8074,positive,Other
"Decent, but there problems sometimes it says error When i transfer money but infact it transferred because of this bug i transferred 2 times instead of 1 and also we can't transfer money to others telebirr acc we only can to our self BOE Dev fix this !!!",3,2025-03-11,DashnBank,Google Play,-0.8392,negative,"Transactions, Performance"
BoA Greqt Ethiopian bank.,5,2025-03-11,DashnBank,Google Play,0.0,neutral,Other
"The bug is still there,the app crashes every time i try to log in, especially in old phones like my Galaxy A32",1,2025-03-10,DashnBank,Google Play,0.3612,positive,Performance
Almost better compared to cbe where it is not qualified for,4,2025-03-09,DashnBank,Google Play,0.3832,positive,Other
what awesome apps. it is very simple to use and more much important apps.,5,2025-03-09,DashnBank,Google Play,0.7334,positive,Other
Wonderfull app,5,2025-03-08,DashnBank,Google Play,0.0,neutral,Other
i can't use this app why?,5,2025-03-07,DashnBank,Google Play,0.0,neutral,Other
Worst mobile banking app I ever experienced I was blaming other apps but comparing with this they're too much better!!!! It clashes it takes much longer time to login while loading in short it's a complete of trash,1,2025-03-06,DashnBank,Google Play,-0.702,negative,Security
bro the worst app made by human kind!! as a software engineer it make me so sad seeing enterprise as big as BOA make apps like this. it is a disgrace for our country!!,1,2025-03-05,DashnBank,Google Play,-0.8205,negative,Other
AGA B Girja Miss language of admin Afaan oromo & other Itoophiyaa languages,1,2025-03-04,DashnBank,Google Play,-0.1531,negative,Other
"I downloaded the app for the first time while reading other customers reviews and as soon as i installed and opened the app it closes back automatically, what unserious bank, now i uninstalled the app immediately",1,2025-03-03,DashnBank,Google Play,0.0,neutral,Customer Support
It has good features but sometimes it doesn't work...0,1,2025-03-02,DashnBank,Google Play,0.2382,positive,Other
Very poor proformance,1,2025-03-01,DashnBank,Google Play,-0.5256,negative,Other
It's not opening. Really frustrating,1,2025-03-01,DashnBank,Google Play,0.3865,positive,Other
Verry Amazing App from all IB,5,2025-03-01,DashnBank,Google Play,0.5859,positive,Other
Not working on this days,1,2025-02-26,DashnBank,Google Play,0.0,neutral,Other
Thank you BoA,5,2025-02-23,DashnBank,Google Play,0.3612,positive,Other
best banking app in the wworld,5,2025-02-22,DashnBank,Google Play,0.6369,positive,Other
Nice app and it's easy to use,5,2025-02-21,DashnBank,Google Play,0.6908,positive,Other
"please add language in the apps setting(amharic afan oromo, tigniya,and others) sometimes bank to bank transfer is not available through time and even if if it is available not reachable‚Ä¶it is serious issue!",1,2025-02-15,DashnBank,Google Play,0.4242,positive,Transactions
This is help full i like ittttt,5,2025-02-14,DashnBank,Google Play,0.6369,positive,Customer Support
The is not functional at all?,2,2025-02-12,DashnBank,Google Play,0.0,neutral,Other
Best bank,5,2025-02-08,DashnBank,Google Play,0.6369,positive,Other
Make it easy and convienient to use and perfect for all to high prefrence and choice.,3,2025-02-07,DashnBank,Google Play,0.765,positive,Other
üá™üáπüá™üáπüá™üáπüá™üáπüá™üáπüá™üáπüëçüëçüëçüëçüëçüëçüëç,5,2025-02-04,DashnBank,Google Play,0.0,neutral,Other
I have been using this app for two years.It is amazing.,5,2025-02-01,DashnBank,Google Play,0.5859,positive,Other
Good üëç,5,2025-01-31,DashnBank,Google Play,0.4404,positive,Other
Sad experience,1,2025-01-30,DashnBank,Google Play,-0.4767,negative,Other
Always do update and that is annoying,3,2025-01-27,DashnBank,Google Play,-0.4019,negative,Other
"Best app, somehow waiting a few minutes",5,2025-01-23,DashnBank,Google Play,0.6369,positive,Other
I can't dijitalize my atm in the apollo app on my phone,1,2025-01-22,DashnBank,Google Play,0.0,neutral,Other
Whenever I try to sign in app close please fixed it out,2,2025-01-21,DashnBank,Google Play,0.3182,positive,Other
Beter,5,2025-01-21,DashnBank,Google Play,0.0,neutral,Other
Boa,4,2025-01-18,DashnBank,Google Play,0.0,neutral,Other
·â†·å£·àù ·ã®·àö·ã´·àµ·å†·àã ·ä†·çï ·â†·å£·àù ·ã®·ãà·à®·ã∞ ·ãú·àÆ ·äê·ãç ·ã®·àù·à∞·å†·ãç ·ãò·àÆ It's not App it's very slow ehhhh. Why don't you upgrade the app???? It's always zero,1,2025-01-18,DashnBank,Google Play,0.0,neutral,Performance
Aadan Axmed Barkhadle,5,2025-01-17,DashnBank,Google Play,0.0,neutral,Other
üò°üò°üò°ü§¨ü§¨ü§¨,1,2025-01-16,DashnBank,Google Play,0.0,neutral,Other
Horrible customer service and app crashes Horrible!!,1,2025-01-15,DashnBank,Google Play,-0.8217,negative,"Customer Support, Performance"
I love it,5,2025-01-14,DashnBank,Google Play,0.6369,positive,Other
It keeps asking me to turn off developer mode even when dev mode is off. Couldn't use it.,1,2025-01-13,DashnBank,Google Play,0.0,neutral,Other
Goodüôè,5,2025-01-12,DashnBank,Google Play,0.0,neutral,Other
Like to much,5,2025-01-11,DashnBank,Google Play,0.3612,positive,Other
Perfect,5,2025-01-09,DashnBank,Google Play,0.5719,positive,Other
The best of best,5,2025-01-09,DashnBank,Google Play,0.8555,positive,Other
I was using this app for long time it amazing user friendly UI but the i can't found for get pin button in the app,3,2025-01-07,DashnBank,Google Play,0.5423,positive,UI/UX
Great üëç,5,2025-01-04,DashnBank,Google Play,0.6249,positive,Other
Fast and suitable for the customers.,5,2025-01-04,DashnBank,Google Play,0.0,neutral,UI/UX
Good app and helpful,5,2025-01-03,DashnBank,Google Play,0.6908,positive,Customer Support
"I will give only one star, because it faced with multiple of problems. 1. The app is not as fast as the other banks App, for e.g like CBE 2. The App asks repeatedly to switch off developer options, even if it is switched off. 3. Bank of Abyssinia's services are interesting, but they ignored the issues on the App service. 4. Most customers gave a complain on the App, but no one accept their complain to fix the issue. 5. Lastly, I will not recommend the App unless the issue has been solved ASAP!!",1,2025-01-03,DashnBank,Google Play,-0.8587,negative,Customer Support
By assessing this you can tell Abyssinia bank has no idea what mobile banking is ?,1,2025-01-02,DashnBank,Google Play,-0.296,negative,Other
It doesn't work at all.,2,2025-01-02,DashnBank,Google Play,0.0,neutral,Other
this app is not available,1,2025-01-02,DashnBank,Google Play,0.0,neutral,Other
Wow what amazing,5,2024-12-30,DashnBank,Google Play,0.8225,positive,Other
·â†·å£·àù ·àò·àª·àª·àç ·ä†·àà·â†·âµ....... ·àà ·â£·äï·ä© ·àõ·ã≠·àò·å•·äï ·àò·â∞·åç·â†·à≠·ã´ ·äê·ãç ::,2,2024-12-30,DashnBank,Google Play,0.0,neutral,Other
Lemn embi yilal??,5,2024-12-30,DashnBank,Google Play,0.0,neutral,Other
It's useless app downgraded.,1,2024-12-29,DashnBank,Google Play,-0.4215,negative,Other
Why is not letting me access my account. The whole point of this app is for me to gey access to my account without physically being at the bank. I would give it a zero but a one will suffice to get my point accross.,1,2024-12-27,DashnBank,Google Play,0.0,neutral,Customer Support
When are you going to get rid of this and have a real app that works? By far the worst mobile banking app.,1,2024-12-24,DashnBank,Google Play,-0.6249,negative,Other
·ä†·ã≠·à∞·à´·àù ·àº·àù ·äê·ãç·ç§,1,2024-12-23,DashnBank,Google Play,0.0,neutral,Other
Not that much bad,3,2024-12-22,DashnBank,Google Play,0.431,positive,Other
Fine,5,2024-12-21,DashnBank,Google Play,0.2023,positive,Other
The dirtiest application ever seen...,1,2024-12-20,DashnBank,Google Play,-0.5267,negative,Other
Nic ap,5,2024-12-19,DashnBank,Google Play,0.0,neutral,Other
The forest app ever,1,2024-12-19,DashnBank,Google Play,0.0,neutral,Other
"I love BoA more than anyone but they are cursed when it comed to mobile banking. Even though this ine is hetter it still s*cks! It will ask me to turn off developer options other wise it won't work! I use CBE, Awash birr, tekebirr, Dashen bank and others but non of them asked me this, why only BoA? Please improve your mobile banking, be competitive!",1,2024-12-19,DashnBank,Google Play,0.9475,positive,Other
Bank of abissena,1,2024-12-17,DashnBank,Google Play,0.0,neutral,Other
"Easy and sooo simple to use it, also its easy to stole someones money using the app",3,2024-12-16,DashnBank,Google Play,0.7003,positive,Other
GOOD,5,2024-12-15,DashnBank,Google Play,0.4404,positive,Other
The worst banking app ever. Never works!,1,2024-12-14,DashnBank,Google Play,-0.6588,negative,Other
Poorly functioning app,3,2024-12-13,DashnBank,Google Play,0.0,neutral,Other
Very nice,5,2024-12-13,DashnBank,Google Play,0.4754,positive,Other
Your system is the worst you should do betterüò°üò°üò°üò°üò°üò°,2,2024-12-11,DashnBank,Google Play,-0.6249,negative,Other
It has been a while since you guys started giving the mobile app service but still couldn't get it to work. I'm sure you know that it doesn't work already but not sure if you're lazy or incompetent to fix it. You are losing business because of this. Complacency will have consequences.,1,2024-12-10,DashnBank,Google Play,-0.6369,negative,Customer Support
"This is the best app; many features are awesome, but it should work without the need to turn off the developer options. I'm tired of having to constantly switch the developer options off and on. I've been expressing my struggles about this. I have precious settings enabled in the developer options, and to open the App Boa app, I have to turn them off. Please help us, Abyssinia Bank. I hope you can provide an update soon.",4,2024-12-08,DashnBank,Google Play,0.9253,positive,Customer Support
"I‚Äôm giving this app one star because there are no options below that. My experience has been incredibly frustrating due to the extremely long loading times, and the app even closes automatically at times. People choose mobile banking for its convenience, but this app is far too time-consuming, making it the worst I‚Äôve used. I hope improvements are made to enhance the user experience.",1,2024-12-07,DashnBank,Google Play,-0.2135,negative,"UI/UX, Customer Support"
Very unprofessional and mischievous bank in my opinion. I have had several occasions but recently I used Abyssinia Card to withdraw money and it was deducted from my account but despite reporting several times they said they are processing it but I learned yesterday that since it has been 3 months the bank has decided to include it in their income. How absurd. If you can avoid this bank.,1,2024-12-06,DashnBank,Google Play,-0.6245,negative,Other
It doesn't work on my 2 devices A05 and A34 üò°,1,2024-12-02,DashnBank,Google Play,0.0,neutral,Other
My attention is very important because it will be the most difficult time for me,5,2024-11-30,DashnBank,Google Play,-0.1779,negative,Other
"I have a worst experience while using this mobile application through out the year. Most of the time it fails to ""Login"" or automatically closed the app. And also it takes so much loading time (5 minutes +) trying to access the internal services. Sometimes also while transferring within and to other bank also fails. So, BOA please fix your app.",1,2024-11-29,DashnBank,Google Play,-0.7976,negative,"Transactions, Customer Support, Security"
I don't know why but your apps start out great then all of a sudden don't workü§∑‚Äç‚ôÄÔ∏è,1,2024-11-28,DashnBank,Google Play,0.7684,positive,Other
This application is losing major factions on a daily basis. I can count how many times I have used this app; it is completely useless and disappointing if I am not going to use it in times of need then I don't see the point.,1,2024-11-28,DashnBank,Google Play,-0.8464,negative,Other
exellent digital transaction of money,5,2024-11-27,DashnBank,Google Play,0.0,neutral,Transactions
The latest update has stopped android 9 phones not to open this App. Never work properly since i started using it.,1,2024-11-26,DashnBank,Google Play,-0.2263,negative,Other
üëèüëèüëè,5,2024-11-24,DashnBank,Google Play,0.0,neutral,Other
Money,5,2024-11-24,DashnBank,Google Play,0.0,neutral,Other
It needs more improvment,2,2024-11-24,DashnBank,Google Play,0.0,neutral,Other
ab,3,2024-11-20,DashnBank,Google Play,0.0,neutral,Other
Ademtahir,5,2024-11-20,DashnBank,Google Play,0.0,neutral,Other
‚úåÔ∏è‚úåÔ∏è,5,2024-11-20,DashnBank,Google Play,0.0,neutral,Other
Please this app on my android phone,3,2024-11-20,DashnBank,Google Play,0.3182,positive,Other
GOAT üêê üêê,5,2024-11-19,DashnBank,Google Play,0.0,neutral,Other
"Your app doesn't match your bank, the app is disaster, super slow. Please learn something from tele birr app.",1,2024-11-19,DashnBank,Google Play,0.2732,positive,Performance
Fast and reliable,5,2024-11-18,DashnBank,Google Play,0.0,neutral,Other
"The worst app update ever. Why would you include the ""developer option off"" thing here? Why do you care? It is my phone my money, right? That is the reason why I switched to other banks. So either turn it off or everyone will discontinue their business one by one.",1,2024-11-17,DashnBank,Google Play,-0.3485,negative,Other
Very good,5,2024-11-14,DashnBank,Google Play,0.4927,positive,Other
One of the poorest mobile banking system,1,2024-11-13,DashnBank,Google Play,-0.5423,negative,Other
‚ù§‚ù§‚ù§‚ù§‚ù§‚ù§,5,2024-11-12,DashnBank,Google Play,0.0,neutral,Other
Oene,5,2024-11-12,DashnBank,Google Play,0.0,neutral,Other
i find it interesting specially in reciept downloading,1,2024-11-12,DashnBank,Google Play,0.4019,positive,Other
it good,5,2024-11-12,DashnBank,Google Play,0.4404,positive,Other
"This app crashes everytime, please fix it",1,2024-11-12,DashnBank,Google Play,0.3182,positive,Performance
·ä†·äï·ãµ star ·à´·à± ·ã≠·â†·ãõ·â†·â≥·àç·ç¢ i dont recomend to use this app also the bank,1,2024-11-12,DashnBank,Google Play,0.0,neutral,Other
I need a support the app is not working,5,2024-11-12,DashnBank,Google Play,0.4019,positive,Customer Support
Bast bank of ethiopia,5,2024-11-12,DashnBank,Google Play,0.0,neutral,Other
very slow app. ·ä†·â¢·à≤·äí·ã´·äï ·ä®·àö·ã´·ä≠·àç ·â£·äï·ä≠ ·ã®·àõ·ã≠·å†·â†·âÖ software app. ·ä®·âª·àã·âΩ·àÅ ·àô·àâ ·àà·àô·àâ ·ä•·äï·ã∞·åà·äì ·ä†·à∞·à©·âµ·ç¢·â†·å£·àù ·ã≠·àò·à´·ã´·àç ·ã´·à≥·çç·à´·àç·ç¢·ààapp ·ã®·ãà·å£·ãç ·ãà·å≠ ·â†·àô·àµ·äì ·ã®·â∞·â†·àã ·äê·ãç ·ã®·àö·àò·àµ·àà·ãç·ç¢,1,2024-11-12,DashnBank,Google Play,0.0,neutral,Performance
"thank you for your social services like, vertual banking, non touch ATM, Cadrless and withdrwal with out passbook...",5,2024-11-12,DashnBank,Google Play,0.6124,positive,Customer Support
The worst App i have never seen like this before,1,2024-11-12,DashnBank,Google Play,-0.7359,negative,Other
Wweeeer,4,2024-11-12,DashnBank,Google Play,0.0,neutral,Other
Infinx,5,2024-11-12,DashnBank,Google Play,0.0,neutral,Other
Great service,5,2024-11-12,DashnBank,Google Play,0.6249,positive,Customer Support
This app is not available on all android versions and some times it is not functional.,1,2024-11-08,DashnBank,Google Play,0.0,neutral,Other
senayt Mesfin,4,2024-11-08,DashnBank,Google Play,0.0,neutral,Other
Bad app vety bad.,1,2024-11-07,DashnBank,Google Play,-0.7906,negative,Other
Abessnya Banke,5,2024-11-05,DashnBank,Google Play,0.0,neutral,Other
"The most useless app, I never expected such an irrelevant app from BOA. big shame!",1,2024-11-04,DashnBank,Google Play,-0.7569,negative,Other
Professional on banking app,5,2024-11-01,DashnBank,Google Play,0.0,neutral,Other
Has some nice interface but always freezes or slow to load .App developers please fix this issue.,3,2024-10-27,DashnBank,Google Play,0.5719,positive,"UI/UX, Performance"
·ä†·ã≠·à∞·à´·àù ·ä†·àµ·â∞·ä´·ä≠·àâ·âµ,5,2024-10-26,DashnBank,Google Play,0.0,neutral,Other
Please try another because this app doesn't feet the need of this generation,1,2024-10-25,DashnBank,Google Play,0.3182,positive,Other
Fast transfer,5,2024-10-24,DashnBank,Google Play,0.0,neutral,Transactions
"What's up I can't log in, what's wrong",5,2024-10-22,DashnBank,Google Play,-0.4767,negative,Other
Amrumehamed,1,2024-10-21,DashnBank,Google Play,0.0,neutral,Other
"Nice to meet you my proud bank in Ethiopia.. I'm a member of this bank, i need to solve my problem of international receiving money for me from my online digital working service's over the world please? I'm working a lot of international money.But i can't get direct in Ethiopia because of don't knowing the legal ways of getting money in Ethiopia please can I get and direct deposit with BoA please üôèüôèüôè?",5,2024-10-18,DashnBank,Google Play,0.8717,positive,"Transactions, Customer Support"
·ã∞·ã∞·åà·äê·àê,5,2024-10-15,DashnBank,Google Play,0.0,neutral,Other
"Terrible Bank Experience It‚Äôs unbelievable that with all the modern technology, this bank still struggles with even basic transactions. The app constantly crashes, services are limited, and every time I try to transfer money or load Telebirr, there‚Äôs a huge delay. I have to wait 5 days for failed transactions to be refunded! Even USSD is unreliable. They‚Äôve put me in embarrassing situations countless times, and customer care never fixes anything. I‚Äôve switched banks, and you should too!",1,2024-10-14,DashnBank,Google Play,-0.8395,negative,"Transactions, Customer Support, Performance"
A painfully slow banking app service. Please don't make it your choice!,1,2024-10-13,DashnBank,Google Play,-0.3382,negative,"Customer Support, Performance"
Good App,4,2024-10-12,DashnBank,Google Play,0.4404,positive,Other
Best app to me,5,2024-10-11,DashnBank,Google Play,0.6369,positive,Other
BOA,5,2024-10-11,DashnBank,Google Play,0.0,neutral,Other
Abdulkadir,5,2024-10-11,DashnBank,Google Play,0.0,neutral,Other
Bad,1,2024-10-10,DashnBank,Google Play,-0.5423,negative,Other
If it is possible I would gove0 star,1,2024-10-08,DashnBank,Google Play,0.0,neutral,Other
Nise mobile bankig,4,2024-10-05,DashnBank,Google Play,0.0,neutral,Other
Overall good app but performance needs some improvement also sometimes when using instant other bank transfers it refuses causing to be repeated several times to transfer,4,2024-10-04,DashnBank,Google Play,0.714,positive,Transactions
Just make it work pleaseü§£ this is embarrassing for a bank of your size,1,2024-10-04,DashnBank,Google Play,-0.3818,negative,Other
Update to the simplest way it requires the developer option on and off why this is,5,2024-10-04,DashnBank,Google Play,0.0,neutral,UI/UX
"Stop telling me what to do with my phone, BOA. Why does your newly updated app keep asking me to disable the developer options? I‚Äôm not slowing down my phone just to use your God damn app. ü§Æü§Æü§Æü§Æ",1,2024-10-04,DashnBank,Google Play,-0.4215,negative,Performance
I'm living out of country how may I download and use mobile banking? It asks me the Ethiopia phone number and I can't receive text to confirm because I'm out side the country. So please lete know if I can use while I'm outside the country. Thanks,1,2024-10-04,DashnBank,Google Play,0.6997,positive,Other
Worest app,1,2024-10-03,DashnBank,Google Play,0.0,neutral,Other
The worest app ever,1,2024-10-03,DashnBank,Google Play,0.0,neutral,Other
·ä†·à™·çç ·äê·ãç ·â†·à≠·â±·àç·äï,5,2024-10-03,DashnBank,Google Play,0.0,neutral,Other
Wwwerrr,5,2024-10-02,DashnBank,Google Play,0.0,neutral,Other
·åÄ·àõ·àç ·ãç·âÄ·â±,5,2024-09-30,DashnBank,Google Play,0.0,neutral,Other
Great For Financial company,5,2024-09-30,DashnBank,Google Play,0.6249,positive,Other
Very easy to use,5,2024-09-30,DashnBank,Google Play,0.4927,positive,Other
The App's crash always.. Error.....,3,2024-09-27,DashnBank,Google Play,-0.4019,negative,Performance
This app is incredibly frustrating to use. It‚Äôs filled with issues that make it difficult to navigate and complete tasks efficiently. I‚Äôve never encountered such a poorly designed banking application before. It needs significant improvements to enhance user experience. It deserves a vey low rating.,1,2024-09-26,DashnBank,Google Play,-0.2484,negative,UI/UX
Great UI and seamless UX. I love it!!,5,2024-09-25,DashnBank,Google Play,0.8715,positive,UI/UX
That's too good application but try to add more alternatives and futures or possibilitys for your customers,3,2024-09-25,DashnBank,Google Play,0.2382,positive,Other
It's easy used to operate program and secured üëçüëç,4,2024-09-25,DashnBank,Google Play,0.6808,positive,Other
I bought a mobile card on this app but I didn't receive it and it took my money and I didn't get my money back.,1,2024-09-21,DashnBank,Google Play,0.0,neutral,Other
Amazing,5,2024-09-19,DashnBank,Google Play,0.5859,positive,Other
Great app with great services,5,2024-09-19,DashnBank,Google Play,0.8481,positive,Customer Support
Yes active user,5,2024-09-17,DashnBank,Google Play,0.6597,positive,Other
Shameful,1,2024-09-17,DashnBank,Google Play,-0.4939,negative,Other
The worest app ever made i would not recommende for no one,1,2024-09-16,DashnBank,Google Play,0.2235,positive,Other
"How many hours should I wait after transferring money to telebirr, please do something about the transfer delay issue I need my money when ever.",1,2024-09-15,DashnBank,Google Play,0.0,neutral,Transactions
"BOA is unreasonably holding and delaying transactions for more than a day, even transactions within the same bank itself. This is a huge gap that I observed in BOA mobile banking. I didn't experience this kind of challenge while having transactions in other banks' mobile banking platforms. After waiting so long, I called your customer support team and the response they gave me was ""it was the system that holds the transaction & will be released on working days"". This is not totally fair.",1,2024-09-15,DashnBank,Google Play,0.4269,positive,"Transactions, Customer Support"
·ã®·ä•·à≠·àµ·ãé·äï ·â∞·àû·ä≠·àÆ ·ã≠·åç·àà·åπ (·ä†·àõ·à´·å≠),5,2024-09-14,DashnBank,Google Play,0.0,neutral,Other
It's not working. It needs a big update. Can't you update the app quickly?,1,2024-09-14,DashnBank,Google Play,0.0,neutral,UI/UX
"I am Aimohon Joel , It's can be Good for a Better Conversation in Time üôÇ",3,2024-09-14,DashnBank,Google Play,0.7003,positive,Other
"Better app than most mobile apps, but why do I have to turn off developer option every time I wanna use the app?? It's annoying.",1,2024-09-13,DashnBank,Google Play,-0.4515,negative,Other
Bes and freindly app,5,2024-09-13,DashnBank,Google Play,0.0,neutral,Other
It doesn't work.,1,2024-09-12,DashnBank,Google Play,0.0,neutral,Other
"It say ""The request was not successful. please check device connectivity or try again"" why? One of the bank manager told me it is because of my phone's android version which is 9.1 It is ridiculous! Disappointing",1,2024-09-11,DashnBank,Google Play,-0.8758,negative,Other
How to download or screenshot of payment receipt...what kinda worst app ever ü§Æü§Æü§¢,1,2024-09-11,DashnBank,Google Play,-0.5868,negative,Transactions
Smart technology,5,2024-09-10,DashnBank,Google Play,0.4019,positive,Other
Yegema app tishü™®,1,2024-09-08,DashnBank,Google Play,0.0,neutral,Other
"This is not an appropriate app, i don't know how boa develops this app, i don't expect this much crazy and un confortable app form BOA, I'm soory!!!",1,2024-09-07,DashnBank,Google Play,-0.5067,negative,Other
"Shockingly bad! Even when it decides to work, it's painfully slow and frustrating. Such a shame that it has become a stain on an extraordinary bank",1,2024-09-06,DashnBank,Google Play,-0.9312,negative,Performance
"It crashes frequently. It launches on Android 8.1 but I don't think it actually works on versions less than 10. If so, it shouldn't be available for download by such devices to begin with, like many other finance apps are not. It was so much better three months ago, upgrades should be for the better.",1,2024-09-06,DashnBank,Google Play,0.915,positive,Performance
Awesome application. But lately its crashing everytime i opened it.,4,2024-09-05,DashnBank,Google Play,0.3716,positive,Performance
·ä•·åÖ·àù ·â†·å£·àù ·ã∞·ä´·àõ ·ä†·çï ·äê·ãç ·à≤·çà·àç·åç ·ã≠·ä®·çç·â≥·àç ·à≤·çà·àç·åç ·ä†·ã≠·ä®·çç·âµ·àù ·ä®·ä†·ãã·àΩ ·ä•·äì ·äï·åç·ãµ ·â£·äï·ä≠ ·ã®·àò·à≥·à∞·àâ ·â£·äï·äÆ·âΩ ·à≤·ãà·ã≥·ã∞·à≠ ·àû·â£·ã≠·àç ·â£·äï·ä™·äï·åç App ·ä•·åÖ·åç ·ã®·àö·ã´·â†·à≥·å≠ ·äê·ãç ·àà·ãç·å• ·ã´·àµ·çà·àç·åã·âΩ·äã·àç,1,2024-09-05,DashnBank,Google Play,0.0,neutral,Other
Fast one,3,2024-09-04,DashnBank,Google Play,0.0,neutral,Other
Nice looking app but a terrible user experience.,1,2024-09-03,DashnBank,Google Play,-0.5023,negative,UI/UX
The worest MB app ever!!üôÑ,1,2024-09-02,DashnBank,Google Play,0.0,neutral,Other
It is ok,5,2024-09-01,DashnBank,Google Play,0.296,positive,Other
Plz fix the Apps ....screenshot lovation hide from glarey share botten not worküòîüòî,1,2024-08-30,DashnBank,Google Play,0.2023,positive,Other
Apollo's,1,2024-08-29,DashnBank,Google Play,0.0,neutral,Other
The worst experience ever,1,2024-08-29,DashnBank,Google Play,-0.6249,negative,Other
Hussenaliumar,5,2024-08-29,DashnBank,Google Play,0.0,neutral,Other
Hi I have problem with this App BOA mobile I don't know what is wrong with this App I did many times download but it's sam doesn't work if sam like that this app way I have to be customer with them how I know my account and checking save The book is no Not enough alone,1,2024-08-28,DashnBank,Google Play,0.6072,positive,Other
It is not work for my device,5,2024-08-27,DashnBank,Google Play,0.0,neutral,Other
"I'm Sick and tiered of enabling and disabling Developer Option Everytime I use this app. maybe you know it maybe you dont, fix it please it's anoying",1,2024-08-26,DashnBank,Google Play,-0.8106,negative,Other
The worst app ever,1,2024-08-26,DashnBank,Google Play,-0.6249,negative,Other
Betanya Gebre,3,2024-08-23,DashnBank,Google Play,0.0,neutral,Other
I dont recommand it to any one,1,2024-08-23,DashnBank,Google Play,0.0,neutral,Other
"The application used to work well. But after updates I'm not able to use the forgot password feature, which is blocking me from accessing it as a whole.",1,2024-08-20,DashnBank,Google Play,-0.431,negative,Security
·âµ·à≠·àÉ·àµ,5,2024-08-19,DashnBank,Google Play,0.0,neutral,Other
Gio,4,2024-08-19,DashnBank,Google Play,0.0,neutral,Other
App isn't working,1,2024-08-18,DashnBank,Google Play,0.0,neutral,Other
so far good but always it lugs,3,2024-08-17,DashnBank,Google Play,0.2707,positive,Other
Don't trust this bank and its service.,1,2024-08-16,DashnBank,Google Play,-0.4023,negative,Customer Support
"I can not open and use the application,please help me!",5,2024-08-15,DashnBank,Google Play,0.4574,positive,Customer Support
Horrible,1,2024-08-14,DashnBank,Google Play,-0.5423,negative,Other
Mostly not working üòë,1,2024-08-14,DashnBank,Google Play,0.0,neutral,Other
Awesome üëå,5,2024-08-12,DashnBank,Google Play,0.6249,positive,Other
"Despite the enhanced technology you have, the application doesn't work properly, and it asks for the developer option to be turned off, fix that.",3,2024-08-12,DashnBank,Google Play,0.0,neutral,Other
Very poor app b/c highly slow to open the app,1,2024-08-12,DashnBank,Google Play,-0.5256,negative,Performance
Wedi Tekle .,5,2024-08-11,DashnBank,Google Play,0.0,neutral,Other
Bad appüì±üëéüëéüëé,1,2024-08-11,DashnBank,Google Play,-0.5423,negative,Other
Dura nan fayyadaman ture amma garuu naaf hojjechaa hin jiru maaf?,5,2024-08-11,DashnBank,Google Play,0.0,neutral,Other
Nice appp,5,2024-08-11,DashnBank,Google Play,0.4215,positive,Other
·à∞·àã·àù ·ä†·â¢·à≤·äí·ã´·ãé·âΩ ·ã®·àû·â£·ã≠·àç ·â£·äï·ä™·äï·åã·âΩ·àÅ ·â∞·å†·âÉ·àö ·äê·äù ·ä†·åà·àç·åç·àé·â±·äï ·àµ·àã·àµ·åÄ·àò·à´·âΩ·àÅ·àà·äï ·ä•·äì·àò·à∞·åç·äì·àà·äï·ç¢ ·äê·åà·à≠ ·åç·äï ·ä†·àà·çé ·ä†·àç·çé ·ã®·äê·â†·à®·ãç ·ã®·àõ·àµ·çà·äï·å†·à™·ã´·ãç ·â†·ä†·åç·â£·â° ·ä†·àà·àò·àµ·à´·âµ ·ä†·àç·çé ·ä†·àç·çé ·ãà·ã∞·àò·àµ·à´·âµ ·â∞·âÄ·ã≠·àØ·àç ·ãµ·àÆ ·ä•·äï·ã∞·äê·â†·à´·âΩ·àÅ ·ä•·äì·ãç·âÉ·àà·äï ·ãò·äï·ãµ·àÆ·àù ·â•·âµ·äñ·à©·àç·äï ·ä•·äï·àò·à≠·å£·àà·äï *·ä®·ãò·àò·äï ·ä†·äï·åâ·ã∞·àç*,3,2024-08-10,DashnBank,Google Play,0.0,neutral,Other
Gooood app my dear,5,2024-08-10,DashnBank,Google Play,0.3818,positive,Other
Harun tamam galanaa,3,2024-08-09,DashnBank,Google Play,0.0,neutral,Other
"A total disaster of an app. Always offline, never works, it's embarassing. I've lost hope and taken my business to a competitor",1,2024-08-08,DashnBank,Google Play,-0.6124,negative,Other
Gamebela,1,2024-08-08,DashnBank,Google Play,0.0,neutral,Other
so poor app to use can't start up when open the app,1,2024-08-08,DashnBank,Google Play,-0.5256,negative,Other
"This app takes too long time to be opened. And even it is not working simply as other banks application. Why this app does not give a digital invoice. Even, I am not able to find where the screeshot is kept after transaction. So, please the developer should fix all these.",1,2024-08-07,DashnBank,Google Play,0.3804,positive,Transactions
Good job,5,2024-08-07,DashnBank,Google Play,0.4404,positive,Other
"Worst app ever, not user friendly, even doesn't serve basic functionality correctly, takes to much time to login and navigate through the app, we expected more from this bank",1,2024-08-07,DashnBank,Google Play,-0.7736,negative,Security
Bad app .,1,2024-08-06,DashnBank,Google Play,-0.5423,negative,Other
"I mean how could a big financial company like this, be this much irresponsible to release this app? You should be ashamed!",1,2024-08-06,DashnBank,Google Play,-0.5848,negative,Other
Review,5,2024-08-06,DashnBank,Google Play,0.0,neutral,Other
Goood,4,2024-08-06,DashnBank,Google Play,0.0,neutral,Other
üëéüëéüëéüëéüëéüëéüëéüëéüëé,1,2024-08-06,DashnBank,Google Play,0.0,neutral,Other
Is it necessary to switch off developer options every time to use mobile banking?ü§îü§îüò°üò°üò°,1,2024-08-04,DashnBank,Google Play,0.0,neutral,Other
The previous version is better it doesn't work,1,2024-08-04,DashnBank,Google Play,0.4404,positive,Other
"I don't know what is wrong with BOA as a bank in general. It's been going backwards since last year or so. The app is a disaster to use in every possible way. Not stable to log in and very slow to perform transactions, couldn't take a screenshot (or can't even find the pictures even using its save screenshot option). Most of the time, it fails to perform transactions and so on. Simply, it's the worst!",1,2024-08-03,DashnBank,Google Play,-0.9198,negative,"Transactions, Performance"
"Take some note from CBE mobile banking app, it's the best banking app currently take some note and improve ur app . Sometimes u have to learn from the bests üôå",1,2024-08-03,DashnBank,Google Play,0.7964,positive,Other
It's a useless app,1,2024-08-02,DashnBank,Google Play,-0.4215,negative,Other
