review,rating,date,bank,source
the most advanced app. but how to stay safe?,5,2025-11-27,CBE,Google Play
Good application,4,2025-11-27,CBE,Google Play
It is nice app,5,2025-11-26,CBE,Google Play
best,5,2025-11-25,CBE,Google Play
good app,5,2025-11-25,CBE,Google Play
"it suddenly asked me to enter the verification key I received. and it (*get your verification key from the nearest CBE Branch*) Now I'm in Australia, what do you expect me to do???! There is no nearest or furthermost cbe Branch!! SO FRUSTRATING! How can I manage my bank account now????",1,2025-11-25,CBE,Google Play
nice app...,5,2025-11-25,CBE,Google Play
very good banking service and fast service,5,2025-11-24,CBE,Google Play
thanks blc this app help me to use all time,5,2025-11-24,CBE,Google Play
good,5,2025-11-24,CBE,Google Play
why we can't send money to other people telebirr wallets??,1,2025-11-24,CBE,Google Play
áŠ á‰³ááˆ©áˆ áŒáŠ• áˆˆ15 birr 11.50 á‰¥áˆ­ áˆµá‰µá‰†áˆ­áŒ¡ á‹­áˆµá‰°áŠ«áŠ¨áˆáˆáŠ•,1,2025-11-23,CBE,Google Play
á‰ áŒ£áˆ á‰€áˆ‹áˆáŠ“ áˆá‰¹ áŠá‹á¢,5,2025-11-23,CBE,Google Play
wow,5,2025-11-23,CBE,Google Play
nice,5,2025-11-22,CBE,Google Play
you are the reason why i got ye chogara himem,1,2025-11-22,CBE,Google Play
it is so smart app i recommend it for everyone,5,2025-11-22,CBE,Google Play
excellent,5,2025-11-22,CBE,Google Play
á‹³áŒŠ,5,2025-11-21,CBE,Google Play
absolutely right,5,2025-11-21,CBE,Google Play
mid application it's so annoying,3,2025-11-20,CBE,Google Play
I used morethan one year,4,2025-11-20,CBE,Google Play
no word can explane about this app it is nice ğŸ‘ğŸ‘ğŸ‘ğŸ‘ğŸ‘,5,2025-11-20,CBE,Google Play
"It's great app,I love this app",5,2025-11-20,CBE,Google Play
Nice,5,2025-11-19,CBE,Google Play
suckkkks,1,2025-11-19,CBE,Google Play
not allowing to transfer and showing current statement updates.,1,2025-11-19,CBE,Google Play
I love you this app,5,2025-11-19,CBE,Google Play
"fast and convenient app, thanks for your dedication as a bank to provide good options to your cuatomers.",1,2025-11-19,CBE,Google Play
make life easy,5,2025-11-19,CBE,Google Play
securr,5,2025-11-19,CBE,Google Play
My most optional bank,5,2025-11-17,CBE,Google Play
5 star,5,2025-11-17,CBE,Google Play
it is fantastic app.,5,2025-11-16,CBE,Google Play
sifen,5,2025-11-16,CBE,Google Play
i like thisâˆš,4,2025-11-16,CBE,Google Play
Ok,3,2025-11-16,CBE,Google Play
áŒ¥áˆ© App áŠá‹‰ á¢ á‹¨áŠ” á‹¨áŒáˆ áŠ áˆµá‰°á‹«á‹¨á‰µ- Update á‹ˆá‹­áŠ•áˆ cache cleaning app áˆ²á‹°áˆ¨áŒ áˆˆáˆáŠ•á‹µáŠá‹‰ á‹°áŒáˆ˜áŠ• login áˆµáŠ“á‹°áˆ­áŒ Restricted áˆšá‹«á‹°áˆ­áŒˆá‹‰ á‰¢áˆµá‰°áŠ«áŠ¨áˆ áŠ¥áŠ•á‹° áˆ€áˆ³á‰¥ áŒ¥áˆ© áŠá‹‰á¢ á‰ á‹›áˆ‹á‹­ á‹µáŒ‹áˆš áŠ áŠ­á‰²á‰¬á‰µ áˆˆáˆ›áˆµá‹°áˆ¨áŒ áŠ¨ááˆˆáŠ• ..,5,2025-11-15,CBE,Google Play
"Seriously, whatâ€™s going on with this app? The ""Pay to Beneficiary"" option is completely disabled for Android users, yet iOS users get full access without restrictions. Why are Android users being treated like second class customers? Itâ€™s the same app, the same service, but clearly not the same experience. This kind of platform bias is unacceptable, either give everyone the same features or be transparent about why youâ€™re limiting functionality. Right now, it just feels unfair and frustrating.",1,2025-11-15,CBE,Google Play
Like,5,2025-11-13,CBE,Google Play
Nice and very useful app i like it!,5,2025-11-13,CBE,Google Play
Good,5,2025-11-13,CBE,Google Play
smart app,4,2025-11-12,CBE,Google Play
good App,5,2025-11-12,CBE,Google Play
sync problem may 22 2025 but the date stack on may 8 2025 help pls,5,2025-11-12,CBE,Google Play
ok,5,2025-11-11,CBE,Google Play
cbe is my choice,4,2025-11-11,CBE,Google Play
Awesome,5,2025-11-11,CBE,Google Play
I am not able to transfer. The app is not responding,1,2025-11-11,CBE,Google Play
Very convenient App,5,2025-11-11,CBE,Google Play
excellent but sometimes can not connect,5,2025-11-10,CBE,Google Play
wow apk,5,2025-11-10,CBE,Google Play
best 100 %,5,2025-11-10,CBE,Google Play
bad app,1,2025-11-10,CBE,Google Play
best app,5,2025-11-10,CBE,Google Play
nice app,5,2025-11-10,CBE,Google Play
the app constantly glitches and won't stop loading despite having a decent connection and a cleared cache. telebirr is way better,1,2025-11-10,CBE,Google Play
I can't access it properly I think it needs update,1,2025-11-10,CBE,Google Play
ğŸ‘ŒğŸ‘Œ,5,2025-11-10,CBE,Google Play
best ğŸ‘Œ,5,2025-11-10,CBE,Google Play
not Refresh,2,2025-11-10,CBE,Google Play
your statement is not used as wanted,1,2025-11-10,CBE,Google Play
good very good,5,2025-11-09,CBE,Google Play
this is absolute trash why because it's not Woking most time the servers are down even though I'm using 4g data Internet they steal not working they use to work with out even data package now it's trash can't even send money,1,2025-11-09,CBE,Google Play
Bayeee galatooma kana caalati nu gammachisa ğŸŒğŸ¤ŒğŸ»ğŸ’´ğŸ’¸ğŸ¥°ğŸ‘ŒğŸ»ğŸ™ğŸ»,5,2025-11-08,CBE,Google Play
Good !,5,2025-11-08,CBE,Google Play
i like it,5,2025-11-08,CBE,Google Play
Very nice app,5,2025-11-08,CBE,Google Play
the app is not functional this week.,4,2025-11-08,CBE,Google Play
very updated bank,5,2025-11-06,CBE,Google Play
tankyu,5,2025-11-05,CBE,Google Play
Numbers 2 and 3 don't write during pin verification.,5,2025-11-05,CBE,Google Play
"once it is uninstalled, you need to visit a nearby bank. you go there and they ask you to have a new sim card which hasn't been used before. so you should buy a new sim card and you go back to them with a new sim card, when you reach there service provider says authentication pin is not arrive, the system is not working come back tomorrow.",1,2025-11-05,CBE,Google Play
loved it,5,2025-11-05,CBE,Google Play
this app is not working on my phone,5,2025-11-03,CBE,Google Play
CBE needs to show transaction fees before the transaction is confirmed and not after. This is a big issue as fees are no longer insignificant.,3,2025-11-03,CBE,Google Play
"After the recent updates, I am unable to download a receipt. I can't see the names of account holders I've previously transacted with. Very important. Please fix it asap.",1,2025-11-03,CBE,Google Play
wow ğŸ˜˜ğŸ˜˜ğŸ˜˜,4,2025-11-02,CBE,Google Play
mobile banking broblem,5,2025-11-01,CBE,Google Play
good job,5,2025-11-01,CBE,Google Play
it is a good and clear apps to use,4,2025-10-31,CBE,Google Play
áˆˆáˆáŠ•á‹µáŠ• áŠá‹ áŠ¨áŠ•áŒá‹µ á‰£áŠ•áŠ­ á‹ˆá‹° á‰´áˆŒá‰¥áˆ­ 5 á‰¥áˆ­ áˆ²á‰°áˆ‹áˆˆá 11 á‰¥áˆ­ áŠ¥áŠ•á‹²á‰†áˆ­áŒ¥ á‹«á‹°áˆ¨áŒ‹á‰½áˆá‰µ,1,2025-10-31,CBE,Google Play
I love this app b/c every option in the app very clear and supportive.,5,2025-10-30,CBE,Google Play
niiceh,5,2025-10-29,CBE,Google Play
the app is good but their is no dark mode you have to add it,3,2025-10-29,CBE,Google Play
ğŸ¤®,1,2025-10-29,CBE,Google Play
abdulakim abrahim elemoo,5,2025-10-29,CBE,Google Play
strong,5,2025-10-28,CBE,Google Play
Abebaw Zenebe,5,2025-10-28,CBE,Google Play
good I love it keep it up but if we had a new update that will be fire Soo good,5,2025-10-27,CBE,Google Play
Cbe,5,2025-10-27,CBE,Google Play
Active and granted system,5,2025-10-27,CBE,Google Play
fast app,4,2025-10-27,CBE,Google Play
cool ğŸ˜,5,2025-10-27,CBE,Google Play
Galaxy A10s,3,2025-10-26,CBE,Google Play
the best apps,5,2025-10-26,CBE,Google Play
arif app new,5,2025-10-26,CBE,Google Play
laga Bari biranch,5,2025-10-26,CBE,Google Play
áŠáŠáˆ áŠáˆ áˆ áŠáˆ áˆ áˆ áˆ áŠá‹¨áŠ,5,2025-10-26,CBE,Google Play
I would like to suggest you improve the time out as it takes the money and doesn't return it back until the next day.,3,2025-10-25,CBE,Google Play
Attractive,5,2025-10-25,CBE,Google Play
mite,5,2025-10-24,CBE,Google Play
useful,5,2025-10-24,CBE,Google Play
"not good, not bad!",3,2025-10-23,CBE,Google Play
very good,5,2025-10-23,CBE,Google Play
áŠ¥áŒ…áŒ á‰ áŒ£áˆ áŠ áˆµá‰€á‹«áˆš áŒ á‰áŠ áˆ á‹˜áˆ¨á‹ á‰ áˆšá‰£áˆ á‹°áˆ­áŒƒ á‹¨ áŠ áŒˆáˆáŒáˆá‰µ á‹¨áˆšá‰€á‰ áˆ á‹«áˆáˆ°áˆ«á‰ á‰µáŠ• á‹¨áŒˆá‹› áŒˆáŠ•á‹á‰ á‰£á‰½áŠ•áŠ• á‰°á‹˜áˆ¨ááŠ• áŠ¨ 100á‰¥áˆ­ 10á‰¥áˆ­ á‹¨áŠ áŒˆáˆáŒáˆá‰µ áˆ›áˆµáŠ¨áˆáˆ áˆáŠ• áˆ›áˆˆá‰µ áŠá‹ áŠ¥á‰£áŠ«á‰½áˆ áŠ¥á‹©á‰µ áŠ¥áˆµá‰µá‹­ áŠ¨ áˆá‰£á‹­áˆ á‰£áŠ•áŠ­ á‹ˆá‹° ampsa áŠ áˆµá‰°áˆ‹áˆá‰áŠ“ áŠ¥á‹©á‰µ á‰ áŒ£áˆ á‹­áŒˆáˆ­áˆ›áˆ áˆŒá‰£ á‰¥á‹«á‰¸á‹‹áˆáˆ,1,2025-10-22,CBE,Google Play
imp,5,2025-10-22,CBE,Google Play
super fast app,5,2025-10-21,CBE,Google Play
"The app has a nice design and useful features like balance check and transfers, but itâ€™s unstable and often fails to connect. It also forces users to turn off Developer Options, which is unnecessary â€” other banking apps work fine without that. Many people use Developer Mode for normal reasons. Please fix performance issues, remove this restriction, and add biometric login for better security and convenience",2,2025-10-19,CBE,Google Play
cbe,4,2025-10-18,CBE,Google Play
"it says ""ti is work any more in your device"" what can i do??",1,2025-10-18,CBE,Google Play
blah blah blah,5,2025-10-18,CBE,Google Play
bad áŒá‹´á‰³ áˆ˜áˆ†áŠ•áˆ,1,2025-10-17,CBE,Google Play
CBE no.1,5,2025-10-17,CBE,Google Play
"it's not work correctly when it's needed sometimes, but it works sometimes though",2,2025-10-16,CBE,Google Play
its easy to use and more secured than the previous one. i love it and appreciate commercial bank of ethiopia for every time update.,5,2025-10-16,CBE,Google Play
gooof,5,2025-10-16,CBE,Google Play
"Suddenly the cbe application I was using stopped working and called callcenter, I was told it's because it expired and I should vist any branch to fix it. So I went to CBE Silassie branch.After filling a form they gave me, I sat down and waited until they finish fixing 2 customer's case who arrived before me. But then when it was my turn ppl who came after me with same mobile banking and even Atm card cases were finishing up and leaving I had to get back to my work so I left.with no service.why?",1,2025-10-16,CBE,Google Play
Best app,5,2025-10-16,CBE,Google Play
still not perfect like before,1,2025-10-15,CBE,Google Play
This app dash board is disturbing me. it is not showing me traxation and my balance while displaying others option on dashboard. I think it is a risk full appğŸ˜­ğŸ˜­ğŸ˜­ğŸ¤¤ğŸ¤¤,1,2025-10-15,CBE,Google Play
APPLIED,1,2025-10-14,CBE,Google Play
10 years ago,4,2025-10-14,CBE,Google Play
Asefa Obsa,5,2025-10-14,CBE,Google Play
it's good app,5,2025-10-14,CBE,Google Play
very slow,1,2025-10-14,CBE,Google Play
berhan deriba wami,4,2025-10-14,CBE,Google Play
mahamad Usman,5,2025-10-13,CBE,Google Play
Erako,5,2025-10-13,CBE,Google Play
ğŸ”¥ğŸ”¥ğŸ”¥ğŸ”¥ğŸ”¥,5,2025-10-13,CBE,Google Play
opne,5,2025-10-13,CBE,Google Play
mehommd nuri,5,2025-10-13,CBE,Google Play
Best,5,2025-10-12,CBE,Google Play
providing very secure service.,5,2025-10-12,CBE,Google Play
apk áŠ áˆªá áŠá‹ áŒáŠ• á‰ áŒ£áˆ apkwun á‹¨áˆšáŠ¨áá‰± á‹¨ á‰£áŠ•áŠ­ áˆ°áˆ«á‰°áŠá‰½ á‰ áŒ£áˆ á‹°áŠ«áˆ› áŠ“á‰¸á‹ áˆ²á‹«áˆµá‰°áŠ“áŒá‹± áˆˆ á‹°áŠ•á‰ áŠ› áŠ­á‰¥áˆ­ á‹¨áˆ‹á‰¸á‹áˆ áŠ¥áŠ” áˆ˜áˆ˜áˆ‹áˆˆáˆµ áŠ¨áŒ€áˆ˜áˆ­áŠ© á‰†á‹¨á‹ áŒáŠ• áˆ˜áá‰µáˆ… áˆ‹áŒˆáŠ áŠ áˆá‰½áˆáŠ©áˆ ::,1,2025-10-12,CBE,Google Play
á‹³áˆ­ áŠ‘áˆ® áˆ‹áˆˆá‹ áŠ£ááˆªá‰»áŠ• á‹,5,2025-10-12,CBE,Google Play
RIYAD Mohammed Abaoli 92 527 2567,5,2025-10-12,CBE,Google Play
it doesn't show bank statement and no options to see transactions for the past months.,2,2025-10-12,CBE,Google Play
Mamma Husen,2,2025-10-11,CBE,Google Play
3 stars because I can't see all my transaction history apart from the recents and a refresh button has been removed from the Recents activity. The app should allow clients to view all of the transactions not just recents.,3,2025-10-11,CBE,Google Play
exceptional application from others bank,5,2025-10-10,CBE,Google Play
"it is very nice. but i have a serious suggestion when you send to other cbe birr customer, it does not show the name of the recipient befor it actually send the money. please improve this",4,2025-10-10,CBE,Google Play
goodğŸ‘ğŸ‘ğŸ‘ğŸ˜ŠğŸ˜ŠğŸ˜Š,5,2025-10-10,CBE,Google Play
really good app,5,2025-10-10,CBE,Google Play
smart bank CBE,5,2025-10-10,CBE,Google Play
Ali urgesa11,3,2025-10-09,CBE,Google Play
it's good,5,2025-10-09,CBE,Google Play
Good apps,5,2025-10-09,CBE,Google Play
password á‰ áŒ£á‰µ áŠ áˆ»áˆ« á‰¢áŠ–áˆ¨á‹ áˆ˜áˆáŠ«áˆ áŠá‰ áˆ­,4,2025-10-09,CBE,Google Play
best app i ever seen,5,2025-10-09,CBE,Google Play
it's game changing in financial system,4,2025-10-09,CBE,Google Play
"z,MKT 20_._!8+â…“â…•ğŸ˜˜r",1,2025-10-09,CBE,Google Play
will good updating,5,2025-10-09,CBE,Google Play
"service charge , vat, fee everything here is not yours they wanna take what you have, everything is not fair",1,2025-10-08,CBE,Google Play
why removing screenshot feature why?,2,2025-10-08,CBE,Google Play
very good application! thank you all who participate!,5,2025-10-08,CBE,Google Play
application bank commercial Ethiopia I am very happy to be able to appear in a great job on a pleasant job,5,2025-10-08,CBE,Google Play
user compatible app!,5,2025-10-08,CBE,Google Play
"I am trying to access this app on my Android phone, but sometimes doesn't work. so kindly try to improve it.",3,2025-10-07,CBE,Google Play
what an amazing app. you know how much it simplify life. Thanks cbe. I proud of you.,5,2025-10-07,CBE,Google Play
Our Commercial Bank of Ethiopia is Good !,5,2025-10-06,CBE,Google Play
Asledin Ibsa,5,2025-10-06,CBE,Google Play
terrible when showing history of transaction it shows in disorganised way,3,2025-10-05,CBE,Google Play
my bank,5,2025-10-05,CBE,Google Play
Data,5,2025-10-04,CBE,Google Play
"lately I am facing a problem with the app ,and the problem is when log in and inter my pin it doesn't work at all and says 'can't sync' why does it say that I was working fine a few day ago and also it says when I enter my pin 'change your pin to 6 digit pin and it doesn't allow me to change it please solve what is the problem with the app ?",2,2025-10-04,CBE,Google Play
excellent app with lots of features,5,2025-10-04,CBE,Google Play
very good ğŸ‘ mobile banking,5,2025-10-04,CBE,Google Play
so special,5,2025-10-04,CBE,Google Play
wiiy ewdihiliw esimirt niho yitnehew metgeyot â¤ğŸ’ğŸ¤”ğŸ˜´ğŸ¤©ğŸ˜,1,2025-10-03,CBE,Google Play
woow cbe,5,2025-10-03,CBE,Google Play
cbe the best bank app,4,2025-10-03,CBE,Google Play
This App CBE bank it's Simple and Smart I Like it.,5,2025-10-03,CBE,Google Play
Rijalufaris,5,2025-10-02,CBE,Google Play
its Best app But i hate the Repeatedly update request,5,2025-10-02,CBE,Google Play
imoo,3,2025-10-02,CBE,Google Play
"it was good since it become a robber the vat ,tax,service charge,unbelievable charge to send to other bank, monthly charge,etc i hope one international bank comes and we all leave this bank. enough is enough",1,2025-10-02,CBE,Google Play
screen shoot always not allowed why?,5,2025-10-02,CBE,Google Play
enkorabetalen,5,2025-10-01,CBE,Google Play
Gamada mahamadi,1,2025-10-01,CBE,Google Play
it is very good banking web but its network is sometimes busy i hope they willfix the problem,4,2025-09-30,CBE,Google Play
verfcasencod,5,2025-09-30,CBE,Google Play
you can't get your own transaction history,1,2025-09-29,CBE,Google Play
sintu,5,2025-09-29,CBE,Google Play
BEST,5,2025-09-28,CBE,Google Play
Bank of Ethiopia,5,2025-09-28,CBE,Google Play
"All most Good, but need improvement",5,2025-09-27,CBE,Google Play
"Great application for me,So I would like to rate with Solid 5 star.That It works well overall. So hello everyone enjoy the apps",5,2025-09-27,CBE,Google Play
poor app all of you guys delete CBE and download BOA,1,2025-09-27,CBE,Google Play
niceapp,5,2025-09-27,CBE,Google Play
the best app of all,5,2025-09-25,CBE,Google Play
â¤ï¸,5,2025-09-25,CBE,Google Play
"Most of the time when I try to open the app, it does not load. The circle keeps spinning as if it is trying to open, and get a message saying "" 2 attempts left for offline login"". This seems to mean that the app cannot connect to the internet, even though I have a stable internet connection, and all other stuff work properly.",2,2025-09-24,CBE,Google Play
Juhaar,5,2025-09-24,CBE,Google Play
I am using CBE app very fantastic.,5,2025-09-24,CBE,Google Play
bist app tankyou,4,2025-09-23,CBE,Google Play
this is very useful and consistent app,5,2025-09-23,CBE,Google Play
"this application provides timely service in a good, fast and reliable manner.",5,2025-09-23,CBE,Google Play
So good,5,2025-09-23,CBE,Google Play
it will be more better if the app have the feature receipt verifying from QR CODE SCREENSHOT IMAGES FROM gallery ... currently IT WORKS ONLY FROM DIRECT CAMERA CAPTURING,4,2025-09-23,CBE,Google Play
"From the UX perspective it can be better, it's old and it's not obvious where you can find some things",3,2025-09-22,CBE,Google Play
It is amazing app but it is more better if it is possible to transfer from account to other telebirr,5,2025-09-22,CBE,Google Play
"The app was great while it was active. However, after the app did an update, I lost connection with a message ""Network Error"". Please try to fix it as there are many clients of CBE using this app globally from abroad countries.",3,2025-09-21,CBE,Google Play
very important app,4,2025-09-21,CBE,Google Play
the best of all mobile banking in Ethiopia works perfectly fine,5,2025-09-21,CBE,Google Play
DANTRO BAND!!!,5,2025-09-21,CBE,Google Play
some time when make transfer from Mobile account to other cbebirr wallet no show customer name so please check it......thanks my cbe.. cbebirr application very nice application wallet,5,2025-09-20,CBE,Google Play
this app is very useful but sometimes when you want to see specific transactions it didn't work so that way i gave 3,3,2025-09-20,CBE,Google Play
why i must visit the branch i opened my account to activate the mobile banking services? if it a connected network it maybe done from any branch.,1,2025-09-20,CBE,Google Play
áŠ áˆªá áŠá‹ áŠ áˆáŠ• á‹°áŒáˆ áŠ¥áˆµáŠ­áˆªáŠ• áˆ¹á‰µ áˆ›áˆ¨áŒ á‰ áˆ˜á‰»áˆŒ á‹°áŒá‰¥áˆáŠ›áˆ,5,2025-09-20,CBE,Google Play
asfaw damse,5,2025-09-19,CBE,Google Play
jabadhaa namatii tolataan,5,2025-09-19,CBE,Google Play
"The App is very good in its interface and user friendly. But it could be a pro app had it had additional feature that let us run multiple accounts on a single phone with an option of ""additional"" account!",3,2025-09-19,CBE,Google Play
The app is user friendly. But i want some amendment or include option of sending money to other tele birr like other cbe birr.,4,2025-09-18,CBE,Google Play
Truly amazing!,5,2025-09-18,CBE,Google Play
Doesn't have option to generate statement for transactions,3,2025-09-18,CBE,Google Play
ğŸ˜,5,2025-09-18,CBE,Google Play
JanaleBl,5,2025-09-17,CBE,Google Play
nice application,5,2025-09-17,CBE,Google Play
WaaaaaaaW,1,2025-09-17,CBE,Google Play
very nice,5,2025-09-16,CBE,Google Play
Of,5,2025-09-16,CBE,Google Play
it's best app to use recently and upgraded day to day for internationalization,4,2025-09-16,CBE,Google Play
Easy to use and not Complicated ğŸ‘,5,2025-09-15,CBE,Google Play
apdat the app,5,2025-09-14,CBE,Google Play
good in bankin at any time & any where.,5,2025-09-13,CBE,Google Play
great,5,2025-09-13,CBE,Google Play
"WHAT A USELESS APP! Transfers, wallet payments, other banks â€” nothing works. Updated, restarted, cleared cache, reinstalled â€” still useless. Crashed and forced me to visit a branch just to log in 3 times. One of the biggest banks in the country canâ€™t fix issues a junior developer could solve. Completely unreliable. Big bank , Zero functionality!",1,2025-09-13,CBE,Google Play
it is best to me,1,2025-09-13,CBE,Google Play
hayizgi mebrahtom feshay,5,2025-09-13,CBE,Google Play
Excellent app,5,2025-09-12,CBE,Google Play
after apdate the app doesn't work any thing else it said enable to connects,1,2025-09-12,CBE,Google Play
love,5,2025-09-12,CBE,Google Play
Hasasa bank,1,2025-09-11,CBE,Google Play
All ways Trusted.,5,2025-09-11,CBE,Google Play
best MB application in Ethiopia financial sector.,5,2025-09-11,CBE,Google Play
I like this app,5,2025-09-11,CBE,Google Play
am tired why I have to update every 5 day,1,2025-09-11,CBE,Google Play
usb debugig mode bicha off endidereg axrigu like awash bank,1,2025-09-10,CBE,Google Play
good morning ğŸ™,5,2025-09-10,CBE,Google Play
am happy ğŸ˜ƒ,5,2025-09-09,CBE,Google Play
wowww,5,2025-09-08,CBE,Google Play
KEHRU nasir AbFIXA,5,2025-09-08,CBE,Google Play
It is well organized.,5,2025-09-08,CBE,Google Play
Can't see the nearest Branch or ATM available,2,2025-09-08,CBE,Google Play
the app does not open,1,2025-09-07,CBE,Google Play
from Monk,3,2025-09-06,CBE,Google Play
"Amazing, Delightful and Seamless Mobile Banking Application, I have ever Experienced!! Indeed, I feel Great Proud to be part of your Stakeholder! My First Choice Bank, Commercial Bank of Ethiopia, The Pioneer and Leading in Digital Banking Services in Ethiopia! Five stars â­â­â­â­â­ are little to you! Thank you so muchğŸ™",5,2025-09-06,CBE,Google Play
incredible,5,2025-09-06,CBE,Google Play
á‹¨á‹šáˆ… áŠ á• á‰°áŒ á‰ƒáˆš áŠá‰ áˆ­áŠ© á‹«áˆˆáˆá‰µ áŠ¨áˆ€áŒˆáˆ­ á‹áŒ­ áŠá‹ áŠ¥áŠ“ áŠ¥á‹¨á‰°áŒ á‰€áˆáŠ©á‰ á‰µ áˆ³áˆˆ áŠ á‰¥á‹°á‰µ áŠ á‹µáˆ­áŒŠ áŠ áˆˆáŠ áˆ³áˆ¨áŒˆá‹ á“áˆµá‹ˆáˆ­á‹µ áŠ¥áŠ•á‹´ áŠ á‹µáˆµ áŒ á‹¨á‰€áŠ áŠ¥áŠ•á‹´á‹ áŠ¥áŠ” áŠ áˆˆáˆá‰ á‰µ áˆ€áŒˆáˆ­ áˆ†áŠ˜ áˆ˜áˆµá‰°áŠ«áŠ¨áˆ áŠ¨á‰»áˆˆ á‰°á‰£á‰ áˆ©áŠ á‰ áŒ£áˆ áŠ áˆµáˆáˆ‹áŒŠá‹¬ áŠá‹ ::,5,2025-09-06,CBE,Google Play
it's the best money transfer app ever,5,2025-09-06,CBE,Google Play
it is nice,5,2025-09-05,CBE,Google Play
user friendly. best.,5,2025-09-05,CBE,Google Play
ğŸ™,5,2025-09-05,CBE,Google Play
áŠ áˆªá,5,2025-09-05,CBE,Google Play
best app!!!,5,2025-09-05,CBE,Google Play
"It is good app and really user friendly , but it not possible to start service after the app is uninstalled or device phone is changed. So please make it easy for us, after once you set us the requirements in your office we should have to use it only by install and launch it. We do not have to visit the near by branch office every time for such silly businesses but important things. in addition to that why is that for hidding senders name or account number How can I know who tranfers to me???",4,2025-09-05,CBE,Google Play
very good app,5,2025-09-05,CBE,Google Play
jabirabdala,5,2025-09-04,CBE,Google Play
unfair cost of transportations... what a shame!!!,1,2025-09-04,CBE,Google Play
"I think it is a good app to use easily. However, I have one more comment: the app does not automatically sync or update the balance in real time. Please review this issue. For example, when someone transfers money, the receiver's app does not sync automatically. It requires the user to manually initiate an update to see the current balance.",4,2025-09-04,CBE,Google Play
WAW!!! I AM PROUD!!! MY STRONG BANK WORKS AT BEST EVEN IN A REMOTE LOCATION HERE IN MALABO (ECUATORIAL GUINEA). MEWOLID MUBARAK CBE!!!,5,2025-09-04,CBE,Google Play
zinaa Ahmed,5,2025-09-04,CBE,Google Play
absolutely excellent,5,2025-09-04,CBE,Google Play
amazing app,5,2025-09-03,CBE,Google Play
perfect and easy,5,2025-09-03,CBE,Google Play
fastest,5,2025-09-03,CBE,Google Play
My account is not working,4,2025-09-03,CBE,Google Play
The recent update is not optimized fir latest version of android,2,2025-09-02,CBE,Google Play
topp,5,2025-09-02,CBE,Google Play
I appreciate it,5,2025-09-01,CBE,Google Play
v.good app,5,2025-09-01,CBE,Google Play
sahib amin jamal,1,2025-08-31,CBE,Google Play
installi,5,2025-08-31,CBE,Google Play
very good apps,5,2025-08-30,CBE,Google Play
ğŸ‘ğŸ‘ğŸ‘ğŸ‘,1,2025-08-30,CBE,Google Play
the app say it is not compatible with ur phone can u fix it it is not updating.,1,2025-08-30,CBE,Google Play
"I would like to give you some feedback on Current update, its very nice and easy to useğŸ‘ but in some button there is still not improved For example while iwant to check my recent Txn it not well sequenced and arranged or some txn may not appear ... becouse of this i see many of users of this app discomferted maily merchants and those make High txn daily. improve and miximize the txn shown to 300 up to 500. make Searchable Recent txn button! All in all the bank i Relly on! CBE my bank !",5,2025-08-29,CBE,Google Play
tinishu titiba,5,2025-08-29,CBE,Google Play
"essy to use ,has great interface and user-friendly g",5,2025-08-29,CBE,Google Play
Yuuuuu,5,2025-08-29,CBE,Google Play
I found it very much friendly,5,2025-08-29,CBE,Google Play
"Very useful app, while we use CBE.",5,2025-08-28,CBE,Google Play
woooow,5,2025-08-28,CBE,Google Play
Redmi,1,2025-08-28,CBE,Google Play
áŠ áˆ­á áŠá‹ áŠáŒˆáˆ­ áŒáŠ• áˆ´á‰¥ á‹«áˆ¨áŒˆá‹áŠ• áŠ áŠ«á‹áŠ•á‰µ áŠ¥á‹«áŒ á‹á‰¥áŠ• áŠá‹,5,2025-08-28,CBE,Google Play
kamil aweil,5,2025-08-28,CBE,Google Play
In your next update can you come with night mode future,5,2025-08-27,CBE,Google Play
"Truly, super competitive when compared to a well known app nowadays functioning broadly by simplest features and means namely known as Telebirr super app, Thus, CBE is my top ultimate choice that I prefer over the other bank due to its beautiful power of lead as a result I could recommend CBE to others because of its service provision via ethical principles and practice for customers satisfaction with existence of constraints and challenges face from burglary and froudalent hacker. Thank you !",5,2025-08-27,CBE,Google Play
mayreba app you its better if you use other banks,1,2025-08-27,CBE,Google Play
Not Prefect Transfer To Other Bank The Mony Not Deliverd Imidetliy Take Three Or Five Days,1,2025-08-27,CBE,Google Play
let us know before you shut down the app,4,2025-08-27,CBE,Google Play
excited,5,2025-08-27,CBE,Google Play
amizing,5,2025-08-26,CBE,Google Play
love it,5,2025-08-26,CBE,Google Play
yes it is v good,5,2025-08-26,CBE,Google Play
A great update in the Mobile Banking Application. Thanks for the System and customization department,5,2025-08-26,CBE,Google Play
this app is smart.,5,2025-08-26,CBE,Google Play
I am happy,5,2025-08-26,CBE,Google Play
Still I have not face critical problems sometimes delay to open,4,2025-08-26,CBE,Google Play
áŒ¤áŠ“ áŠ¨á‹µáˆ¨,5,2025-08-25,CBE,Google Play
The connection between bank and the app is lag relationship this must be corrected.,4,2025-08-25,CBE,Google Play
I have forgotten mobail banking password,5,2025-08-25,CBE,Google Play
Thank you,5,2025-08-25,CBE,Google Play
muktaar Abraahim,5,2025-08-25,CBE,Google Play
ğŸ¤Good One,5,2025-08-24,CBE,Google Play
why does it say change pin to 6 digits is that right?,4,2025-08-24,CBE,Google Play
One of the worst mobile banking apps in Ethiopia. You can't access your txn record for more than 2 weeks.,1,2025-08-24,CBE,Google Play
i like it and aprshat.,4,2025-08-23,CBE,Google Play
"The app has some issues I updated recently and now I am not able to send funds to my telebirr wallet, also we need to have a place we save our contacts where we usually send money to, after update I keep loosing all the important accounts.",4,2025-08-23,CBE,Google Play
best app and easy to use,5,2025-08-23,CBE,Google Play
doesn't work unless with data doesn't refresh fast other wise functions ok but after the update transferring to telebirr is not working,2,2025-08-23,CBE,Google Play
List of transactions can't load over months and years..,1,2025-08-23,CBE,Google Play
transferring money to telebirr is not working,1,2025-08-23,CBE,Google Play
I don't Like this app and there service fee is highl,5,2025-08-23,CBE,Google Play
áŠ á‹²áˆ± Update áŒ¥áˆ© áŠ á‹­á‹°áˆˆáˆ. Update áŠ«á‹°áˆ¨áŒáŠ©á‰µ á‰ áŠ‹áˆ‹ áŠ¨á‹šáˆ… á‰ áŠá‰µ áˆµáˆ‹áˆ‹áŠ­á‰£á‰¸á‹ á‹¨áŠá‰ áˆ©á‰µáŠ• Save áŠ á‹µáˆ­áŒ á‹­á‹á‰µ á‹¨áŠá‰ áˆ¨á‹áŠ• áˆáˆ‰áŠ•áˆ á‹¨áˆ°á‹á‰½ áŠ áŠ«á‹áŠ•á‰¶á‰½ áŠ áŒ¥áá‰¶á‰¥áŠ›áˆ.,2,2025-08-23,CBE,Google Play
this application do not show over all transaction history,3,2025-08-23,CBE,Google Play
this app is very nice but statment history is very shiort atlist add 15 days,4,2025-08-23,CBE,Google Play
"This app stooped working after i updated it. It says change password and i did, but it doesn't open with the new password. I don't like it.",1,2025-08-23,CBE,Google Play
best and secured application,5,2025-08-23,CBE,Google Play
This application is excellent .,5,2025-08-22,CBE,Google Play
"The new update is very bugged. can't view the names of account holders I previously had transactions with, and more recently, its almost impossible to load money to telebirr, always says unable to connect...please fix asap",1,2025-08-22,CBE,Google Play
Thise App is Great,5,2025-08-22,CBE,Google Play
áŠ á•áˆŠáŠ¬áˆ½áŠ‘áŠ• áŠ á‰¥á‹´á‰µ áŠ«á‹°áˆ¨áŠ©á‰µ á‰ áŠ‹áˆ‹ á‹¨áˆšáˆµáŒ¥áˆ­ á‰áŒ¥áˆ­ áŠ áŒ­áˆ­ áˆµáˆˆáˆ†áŠ á‰€á‹­áˆ­ á‰¥áˆáŠ áˆˆáˆ¶áˆµá‰µ á‰€áŠ“á‰µ á‰¥áˆáŠ­áˆ­ unable to connect the server áŠ¨áˆ›áˆˆá‰±áˆ á‰ áˆ‹á‹­ áŠ á•áˆŠáŠ«áˆ½áŠ‘ áŠ¥á‹¨áˆ°áˆ«áˆáŠ áŠ á‹­á‹°áˆˆáˆğŸ™ğŸ™,1,2025-08-22,CBE,Google Play
"I love this app. really, but with some downsides too. Screenshot is mandatory after every transaction as to me, I need screenshots not downloaded recipient. It would be even better if transaction history is available via this app for months that we can access directly or via calender ways. Thanks.",4,2025-08-22,CBE,Google Play
ğŸ‘,5,2025-08-22,CBE,Google Play
it is good app,5,2025-08-22,CBE,Google Play
good and always try to make new updats ğŸ™ğŸ‘,5,2025-08-22,CBE,Google Play
"I use the Commercial Bank of Ethiopia mobile app, and itâ€™s fantastic! The interface is user-friendly, making it easy to check balances and transfer money. I love the bill payment feature, and the security measures give me peace of mind. Overall, itâ€™s a reliable app that has simplified my banking experience. Highly recommend!",5,2025-08-22,CBE,Google Play
i don' want,5,2025-08-22,CBE,Google Play
"it's very nice simple and convenient app! but I have only one comment on double verifications after the finger prints. even thought its good for makin' it more secure, Its not neccessary to double verify after the finger print verification. no need to verify by pin again. thank you!",5,2025-08-22,CBE,Google Play
one of the best,5,2025-08-22,CBE,Google Play
"why is it every time the app is updated history of previous account numbers keeps missing , WHY??",1,2025-08-21,CBE,Google Play
You guys charge way to much when we transfer money from CBE to Telebirr via this app,3,2025-08-21,CBE,Google Play
not bad apk,1,2025-08-21,CBE,Google Play
yes these app is so good for our saving and marketing system go ETHIOPIA GO!!!,5,2025-08-21,CBE,Google Play
best mobile banking App that have seen .,5,2025-08-21,CBE,Google Play
It's very helpful apps,5,2025-08-21,CBE,Google Play
Every major update means you have to go back to Ethiopia to make the app work. In 2025?,2,2025-08-21,CBE,Google Play
"Unable to connect, pls. Improve the system",5,2025-08-20,CBE,Google Play
well app,5,2025-08-20,CBE,Google Play
"Smart service But, your service charge is too high",5,2025-08-20,CBE,Google Play
perfect ğŸ‘Œ keep,5,2025-08-20,CBE,Google Play
"áŠ¥á‰£áŠ«á‰½áˆ áŠ á‘ áŒ¥áˆ© áŠá‹ áŠáŒˆáˆ­ áŒáŠ• á‰ áˆáˆˆáŒáŠá‹ áŒŠá‹œáŠ“ áˆ°áŠ á‰µ áˆ˜áŒ á‰€áˆ áŠ áˆá‰»áˆáŠ•áˆ áŠ”á‰µá‹áˆ­áŠ­ áŠ¥á‹«áˆˆ áŠ¥áŠ•áŠ³ áŠ¥á‹«áˆµáŒ á‰€áˆ˜áŠ• áŠ á‹­á‹°áˆˆáˆ""""",2,2025-08-20,CBE,Google Play
excellent plus,5,2025-08-20,CBE,Google Play
Would be great if it displays service fees before proceeding with transaction.,4,2025-08-20,CBE,Google Play
so disappointing :((,1,2025-08-20,CBE,Google Play
what nice app i never usedyet,4,2025-08-20,CBE,Google Play
Excellent,5,2025-08-20,CBE,Google Play
ke gizew ga emihed astemamagn metegberya,1,2025-08-20,CBE,Google Play
"this app is pretty good. The recent one was the nicest. however after the update, it restricts me from taking a screenshot. i would be happy if you remove screenshots restriction policy from this app. why I gave it five stars was because of the past performances of this app. keep in mind to remove the screenshot restriction policy from this app. and also it has no self authorizations. once uninstalled it needs extra sim cards and wants to visit nearby banks in person.",5,2025-08-20,CBE,Google Play
Send money for some account but don't reserved Ball,5,2025-08-20,CBE,Google Play
very goodğŸ™ğŸ™,5,2025-08-19,CBE,Google Play
I recognized thank you,5,2025-08-19,CBE,Google Play
Best feature!!,5,2025-08-19,CBE,Google Play
the saved account totally removed ..why????????,1,2025-08-19,CBE,Google Play
good bank Ethiopian very nic,5,2025-08-18,CBE,Google Play
this good app but screenshot must enable,4,2025-08-18,CBE,Google Play
á‰ áŠá‰µ á‰¥áˆ­ á‰µáˆ«áŠ•áˆµáˆáˆ­ á‹¨á‰°á‹°áˆ¨áŒˆá‰£á‰¸á‹‰áŠ• áŠ áŠ«á‹‰áŠ•á‰¶á‰½ remove áŠ áˆ­áŒ“áˆ á‹¨áˆšá‹«áŠ“á‹µá‹µ update áŠá‹ ::,1,2025-08-18,CBE,Google Play
change mobile banking CBE,5,2025-08-18,CBE,Google Play
The process of updating is not functioning easily. Installing is easy than updating. Screenshot should not be prevented. it is an instant evidence needed for some transactions.,2,2025-08-18,CBE,Google Play
Adisi Deti,5,2025-08-17,CBE,Google Play
this app is the good apps,5,2025-08-17,CBE,Google Play
áŠ áˆªá‹ áŠá‹‰ áŠáŒˆáˆ­ áŒáŠ• Recent Transaction á‰ áŒ£áˆ á‹¨á‰†á‹¨á‹‰áŠ• áŠá‹‰ á‹¨áˆšá‹«áˆ³á‹­ Evene refresh áˆáˆ‰ áˆ²á‹°áˆ¨áŒ á‰µáŠ­áŠ­áˆˆáŠ› á‹¨á‰…áˆ­á‰¥ Transaction áŠ á‹«áˆ³á‹­áˆá¢ Please áŠ áˆµá‰°áŠ«áŠ­áˆ‰á‰µ,2,2025-08-15,CBE,Google Play
congra ethio,5,2025-08-15,CBE,Google Play
áŠ¥áŠ•á‹²áˆ áŠá‹ á‹¨áˆ°á‰°áŠ‹á‰½áˆ áˆˆáˆáˆ«áˆ,5,2025-08-15,CBE,Google Play
I don't think it is compatible with the new android version 16 it fails to open. Please update it or find a solution.,1,2025-08-14,CBE,Google Play
"ohhhhğŸ¤¦ you must upgrade transferring problem. most of time, when transfer from CBE mobile banking to tele birr account, always suspending for 3 to 5 days ğŸ¤”. please try to fix it ğŸ™",2,2025-08-14,CBE,Google Play
this APK Best for most of people,5,2025-08-13,CBE,Google Play
good keep it up,5,2025-08-13,CBE,Google Play
very nice app,5,2025-08-12,CBE,Google Play
Most of the time either the app or *889# don't work,2,2025-08-12,CBE,Google Play
cbe. noor,2,2025-08-12,CBE,Google Play
why this app is logging in while your device is not connected to internet ... is it appropriate ?... and it isnt exposed to hucking or malicious activity?,1,2025-08-12,CBE,Google Play
á‰ áŒ£áˆ áŠ áˆªá áŠá‹ á‰ áˆ­á‰±áˆáŠ•,5,2025-08-12,CBE,Google Play
this is so good,5,2025-08-11,CBE,Google Play
â¤â¤â¤â¤â¤ğŸ˜‚,5,2025-08-10,CBE,Google Play
Very interesting ğŸ¤”,5,2025-08-10,CBE,Google Play
very good app ğŸ‘ğŸ‘ğŸ‘ time saving and more accurate,5,2025-08-09,CBE,Google Play
"i like your app to order ATM card through it, i get it new on your app",5,2025-08-09,CBE,Google Play
very bad app,1,2025-08-09,CBE,Google Play
good ğŸ‘,5,2025-08-09,CBE,Google Play
it is the best transferring AP,5,2025-08-08,CBE,Google Play
it's good but add some more please,3,2025-08-08,CBE,Google Play
best servis app,4,2025-08-07,CBE,Google Play
very useful to use it from any where in the world !,5,2025-08-07,CBE,Google Play
it very good but why block the screen shoot,5,2025-08-07,CBE,Google Play
Good app,5,2025-08-07,CBE,Google Play
"the most disgusting app,",1,2025-08-07,CBE,Google Play
á‰¥á‹™ á‹¨áˆšá‰€áˆ© áŠáŒˆáˆ® áŠ áˆ‰ áˆˆáˆáˆ³áˆŒ áŠ áŠ•á‹µ áˆ°á‹ á‹ˆá‹° á‰´áˆŒ á‰¥áˆ­ áˆ²áˆáŠ­ áŒá‹´á‰³ áŠ áŠ«áŠ«á‹áŠ•á‰µ á‹¨áŠ¨áˆá‰°á‰ á‰µ áˆµáˆáŠ­ áˆ˜áˆ†áŠ• áŠ á‹­áŒ á‰ á‰…á‰ á‰µáˆ áŠ¥áŠ“ áˆ²áˆµá‰°áˆ™ á‹¨á‰ áˆˆáŒ  áŠ á‹˜áˆáŠ‘á‰µ áˆ°á‹ á‰£áŠ•áŠ­ áˆ²áˆ˜áŒ£ á‹¨áˆáŒ áŠ áˆ›áˆµá‰°áŠ“áŒˆá‹µ á‹ˆá‹° á‰…áˆ­áŠ•áŒ«á áˆ²áˆ˜áŒ£ áŠ¥á‹›áˆ áŠ áŠ«á‹áŠ•á‰µ áŠ¥á‹šáˆ áŠ áŠ«á‹áŠ•á‰µ áˆ˜áŠ¨áˆá‰µ á‹¨áˆˆá‰ á‰µáˆ áŠ¥áŠ•á‹² áˆ²áˆ†áŠ• á‹°áŠ•á‰ áŠ› á‹­áˆ¸áˆ»áˆ áˆŒáˆ‹á‹ á‹°áˆ á‹¨áˆ°áˆ«á‰°áŠá‰¹áŠ• áˆá‰¥áˆµ á‰€á‹­áˆ©á‰µ áŠ¥á‹áŠá‰µ áˆˆáˆ˜áŠ“áŒˆáˆ­ á‰€á‰¤áˆ­ áŠ áˆµáˆáƒáˆš áŠá‹ áˆšáˆ˜áˆµáˆ‰á‰µ á‹¨á‰€áˆ¨á‹áŠ• áŠ¥áŠ“áŠ•á‰° áˆ˜áˆ­áˆáˆ«á‰¹ áŠ áˆµá‰°áŠ«áŠ­áˆ‰á‰µ áŠ áˆ˜áˆ°áŒáŠ“áˆˆáˆ,3,2025-08-07,CBE,Google Play
"unexpected anomalies, unreliable as fintec app",2,2025-08-05,CBE,Google Play
best one,5,2025-08-05,CBE,Google Play
awesome,5,2025-08-05,CBE,Google Play
so good,5,2025-08-04,CBE,Google Play
worst experience,1,2025-08-04,CBE,Google Play
The 1st one is CBE,5,2025-08-04,CBE,Google Play
"this is the worst app that could exist on the planet, omg it literally crashes every month",1,2025-08-04,CBE,Google Play
CBE,5,2025-08-04,CBE,Google Play
Nise,5,2025-08-04,CBE,Google Play
commercial Bank ğŸ¦,5,2025-08-04,CBE,Google Play
goood werk,5,2025-08-03,CBE,Google Play
á‰¥á‹™ áŒŠá‹œ á‹«áˆµá‰¸áŒáˆ«áˆ áŠ á‹­áˆ°áˆ«áˆ error now milew,5,2025-08-03,CBE,Google Play
not user friendly at all it requires a huge connectivity and also lags many times ğŸ˜‘ğŸ˜‘ğŸ˜‘,1,2025-11-26,DashnBank,Google Play
áˆáŠ•áˆ á‹¨áˆ›á‹­ áˆ°áˆ«,1,2025-11-26,DashnBank,Google Play
very good,5,2025-11-25,DashnBank,Google Play
most of the time is not working properly,1,2025-11-25,DashnBank,Google Play
good service,5,2025-11-25,DashnBank,Google Play
not use for me,3,2025-11-23,DashnBank,Google Play
It keeps notifying me to disable developer options and quiet while I'm not enabled. always bring another type of problem with new updates.,1,2025-11-22,DashnBank,Google Play
waw,5,2025-11-21,DashnBank,Google Play
the lag is unbelievable when you need it the most this suks,1,2025-11-19,DashnBank,Google Play
I cant belive I could find the worst bank app ever .yet very simple to fix the problem and the company just ignored it. no body can do business with this kind of app.,1,2025-11-18,DashnBank,Google Play
it is a good app,5,2025-11-18,DashnBank,Google Play
it is not working at all,1,2025-11-15,DashnBank,Google Play
ğŸ¥°ğŸ¥°ğŸ¥°ğŸ¥°ğŸ¥° app is good but i was live in abroad and when i enter my otp code it didnt make me to write my code it the app want it self write thats not fair so please other wise i like it why,5,2025-11-15,DashnBank,Google Play
when trying to activate the app it keeps on loading on the security questions page. It has been two days,1,2025-11-13,DashnBank,Google Play
fast and simple,5,2025-11-11,DashnBank,Google Play
best of best,5,2025-11-10,DashnBank,Google Play
Worest Banking App Ever I seen. Fake App Bad Better to Leave,1,2025-11-10,DashnBank,Google Play
good,4,2025-11-10,DashnBank,Google Play
"I would like to share feedback regarding the application. It frequently experiences disruptions and does not function properly, often freezing or failing to load. This issue is affecting workflow and efficiency. Kindly review and address this problem to ensure smoother performance.",1,2025-11-08,DashnBank,Google Play
Meet you genuine.App I tried is not functional.Helping.welldoingwith BOA Ethiopia .fastandrelevant.morconnecting Digitalyworld.Digitalyworld. thanks.,5,2025-11-08,DashnBank,Google Play
best app,5,2025-11-08,DashnBank,Google Play
Best app,5,2025-11-07,DashnBank,Google Play
"Barely works, it always fails to connect",1,2025-11-07,DashnBank,Google Play
my fav app,5,2025-11-07,DashnBank,Google Play
this app launch time is so long also has dozen bugs in addition it's has been long time get update,1,2025-11-05,DashnBank,Google Play
very nice,5,2025-11-04,DashnBank,Google Play
"Your application is very irritating to use, some functionality doesn't even work like on the card management. You need to do better than this and it good idea to reference other banking applications.",3,2025-11-04,DashnBank,Google Play
I like,5,2025-11-02,DashnBank,Google Play
á‹ˆá‹­ áŠ áˆ»áˆ½áˆ‰á‰µáŠ“ áŠ¥áŠ•áŒ á‰€áˆá‰ á‰µ á‹«áˆˆá‹« á‰¥á‰³áŒ á‰á‰µ á‹­áˆ»áˆ‹áˆá¢ á‰ á‰ƒ áˆáŠ•áˆ áŠáŒˆáˆ­ áŠ á‹­áˆ°áˆ«áˆ áˆ˜á‰°áŒá‰ áˆªá‹« áŠ áˆˆáŠ• á‰¥áˆ‹á‰½áˆ áŠ¥áŠ•á‹³á‰³á‹ˆáˆ© áˆˆáˆ›áŠ•áˆ á‹¨áˆ›á‹­áˆ˜áŠ¨áˆ­ á‰€áˆ­á‹á‹áŠ“ á‰°áŒá‰£áˆ­ á‹¨áˆˆáˆ½ áˆ˜á‰°áŒá‰ áˆªá‹«,1,2025-11-01,DashnBank,Google Play
i m sorry but it doesn't work for my android it is too slow but other bank are very fast please update,1,2025-10-30,DashnBank,Google Play
"the worst app ever,",1,2025-10-30,DashnBank,Google Play
better,5,2025-10-29,DashnBank,Google Play
"I kindly request that Bank of abyssinia address issues with its mobile app. It is very slow, has numerous problems, and frequently experiences downtime. The user experience is also poor. Thank you.",1,2025-10-28,DashnBank,Google Play
this app can't open? what is problem? please solve my problem?,1,2025-10-28,DashnBank,Google Play
kiyaa makonn,5,2025-10-27,DashnBank,Google Play
very very lazy app,1,2025-10-26,DashnBank,Google Play
telebirr remittance,5,2025-10-24,DashnBank,Google Play
The best bank in ğŸ‡ªğŸ‡¹,5,2025-10-23,DashnBank,Google Play
its good,5,2025-10-22,DashnBank,Google Play
the worst app in my financial experience.,1,2025-10-22,DashnBank,Google Play
good for mb appliciation,5,2025-10-21,DashnBank,Google Play
the worst bank ever. slow don't accept dual sim. they are very stupid and greedy,1,2025-10-20,DashnBank,Google Play
try to easy network,4,2025-10-17,DashnBank,Google Play
hussen hassen umer,5,2025-10-16,DashnBank,Google Play
"The app is not suitable and lacks a good UI design. As a large bank, you must update your app with a professional UI that is fast and appropriate.",2,2025-10-16,DashnBank,Google Play
an exceptional banking app.,5,2025-10-16,DashnBank,Google Play
alhamdulilah,5,2025-10-11,DashnBank,Google Play
poor,5,2025-10-11,DashnBank,Google Play
Best of best,5,2025-10-09,DashnBank,Google Play
from the last week updates the app is not working Please check the problems,1,2025-10-08,DashnBank,Google Play
It's always crushing,1,2025-10-08,DashnBank,Google Play
office branches have to improve their services please,4,2025-10-07,DashnBank,Google Play
â™¥ï¸â™¥ï¸,5,2025-10-05,DashnBank,Google Play
Why does it keep crashing? I can't even use this. BOA should do better. You have many customers and how to deal with this. I can't send money now.,1,2025-10-05,DashnBank,Google Play
it needs a timely update,5,2025-10-03,DashnBank,Google Play
"It does not show the name of the person who sent the money to request a receipt. This has become very difficult for us. When different people transfer the same amount to me from different banks, it is very difficult to identify the account or the name of the sender.",3,2025-10-01,DashnBank,Google Play
Like,5,2025-10-01,DashnBank,Google Play
I can't type my otp on it.,1,2025-10-01,DashnBank,Google Play
"most of bank apps in Ethiopia are linked with ethiopian phone number, I live in US permanently so when I open BoA account, I told them where I live and to link it with email address instead of phone # as ethio phone number is not working where I live, unfortunetly my fear appeared and now when I change my phone device, it send the code to the ethio number which is not with me now. so please when u develop bank apps consider the diaspora community to use ur apps",1,2025-10-01,DashnBank,Google Play
jaajja,4,2025-09-30,DashnBank,Google Play
I love this bank the best experience ever.,5,2025-09-28,DashnBank,Google Play
"Nothing has been improved, it doesn't work like the previous version.",1,2025-09-25,DashnBank,Google Play
easy and fast,5,2025-09-24,DashnBank,Google Play
Great,5,2025-09-20,DashnBank,Google Play
mobile banking,5,2025-09-19,DashnBank,Google Play
ğŸ˜,5,2025-09-18,DashnBank,Google Play
"need alot of connection, chooses device, very lug even when there is connection",1,2025-09-17,DashnBank,Google Play
On my ios it's perfect but on android it barley works and don't transfer and after a while it crushed and totally stopped working. Please fix the issue my beloved bank of abyssinia.,1,2025-09-15,DashnBank,Google Play
since the last update i can open the app crashes a lot and omg its being very slow opening and loading,2,2025-09-15,DashnBank,Google Play
none,5,2025-09-14,DashnBank,Google Play
very good app i ever used,5,2025-09-12,DashnBank,Google Play
its nice app especially the transaction limit is extended but We face that BoA m.banking app doesn't respond at the activation stage strictly at SMSNG mobile phone. please try this to make safe.,4,2025-09-11,DashnBank,Google Play
zedo,5,2025-09-11,DashnBank,Google Play
please open my mobile app,5,2025-09-10,DashnBank,Google Play
it doesn't open,1,2025-09-10,DashnBank,Google Play
Very Good,5,2025-09-09,DashnBank,Google Play
masha alla,5,2025-09-08,DashnBank,Google Play
Best banking transaction application in Ethiopia !,5,2025-09-05,DashnBank,Google Play
Ø§Ù„Ø³Ù„Ø§Ù… Ø¹Ù„ÙŠÙƒÙ… ÙˆØ±Ø­Ù…Ø© Ø§Ù„Ù„Ù‡ ÙˆØ¨Ø±ÙƒØ§ØªÙ‡ Ù…Ø§Ø´Ø§Ø¡ Ø§Ù„Ù„Ù‡ ØªØ¨Ø§Ø±Ùƒ Ø§Ù„Ø±Ø­Ù…Ù† Ù‡Ø°Ø§ Ø§Ù„ØªØ·Ø¨ÙŠÙ‚ Ù…Ù…ØªØ§Ø² Ø¬Ø¯Ø§,5,2025-09-04,DashnBank,Google Play
tamaam kamal,1,2025-09-04,DashnBank,Google Play
á‰ áŒ£áˆ áˆáˆªá,5,2025-09-03,DashnBank,Google Play
great ğŸ‘,5,2025-09-02,DashnBank,Google Play
goof,4,2025-09-01,DashnBank,Google Play
absiniya banki,5,2025-08-29,DashnBank,Google Play
has issue after installation and i think it doesn't work with tecno common 30,1,2025-08-26,DashnBank,Google Play
One of the best in this business,5,2025-08-25,DashnBank,Google Play
Excellent,5,2025-08-20,DashnBank,Google Play
besatğŸ¥°,5,2025-08-19,DashnBank,Google Play
unlimited experience,5,2025-08-18,DashnBank,Google Play
"as bank, u should at least hire someone good at their job bc this a joke nowadays I can't even log in or even transfer without it crashing if u fix the app I will update this review I am counting on u boa update: so they atleast fixed it but as suggestion can u put password when in final step of sending money it will feel more secure that way",4,2025-08-17,DashnBank,Google Play
very nice mobile banking app my favourite,5,2025-08-16,DashnBank,Google Play
"it almost never boots up!!! and even if it did, it crashes immediately",1,2025-08-15,DashnBank,Google Play
best apps,5,2025-08-15,DashnBank,Google Play
the worst app ever to exist in a bank history,1,2025-08-15,DashnBank,Google Play
thank you,5,2025-08-14,DashnBank,Google Play
Best mobile app in the country,5,2025-08-14,DashnBank,Google Play
not fast,2,2025-08-12,DashnBank,Google Play
keeps freezing at the front page.,1,2025-08-10,DashnBank,Google Play
it is not working on redminote 11 pro+ pls fix it,1,2025-08-08,DashnBank,Google Play
abseniya bank app,5,2025-08-08,DashnBank,Google Play
yes goode app,5,2025-08-03,DashnBank,Google Play
Great App,5,2025-08-02,DashnBank,Google Play
1) Crashes repeatedly 2) Takes Century to Boot 3) Repeatedly requires Update which is very annoying. 4) It doesn't ask for Password for one step confirmation when transferring money. 5) Automatically stops music when the app is launched (it doesn't really matter just fyi) Overall this have to be the worst mobile banking app I have tried so far and should not be released with all these bugs & issues.,1,2025-08-02,DashnBank,Google Play
áˆ¨áŒ€á‰¥áŠáˆ±,1,2025-07-31,DashnBank,Google Play
The Worst Mobile Banking App.,1,2025-07-31,DashnBank,Google Play
giod,5,2025-07-30,DashnBank,Google Play
best bank in ethiopia,5,2025-07-29,DashnBank,Google Play
waqayyoo,5,2025-07-28,DashnBank,Google Play
please is not working,2,2025-07-27,DashnBank,Google Play
nothing when I need to install the Apk it say that re-up date,5,2025-07-25,DashnBank,Google Play
I can log in from any where,5,2025-07-23,DashnBank,Google Play
ğŸ˜‡,3,2025-07-21,DashnBank,Google Play
no proplem,5,2025-07-20,DashnBank,Google Play
ğŸ‘ğŸ‘ğŸ‘,5,2025-07-20,DashnBank,Google Play
excellent app,5,2025-07-18,DashnBank,Google Play
good work,5,2025-07-15,DashnBank,Google Play
â˜¹ï¸,5,2025-07-15,DashnBank,Google Play
excellent,5,2025-07-14,DashnBank,Google Play
Great BoA,5,2025-07-14,DashnBank,Google Play
Good,5,2025-07-14,DashnBank,Google Play
Okay,4,2025-07-13,DashnBank,Google Play
not working,1,2025-07-12,DashnBank,Google Play
This App is Getting worse and worse with every update,2,2025-07-11,DashnBank,Google Play
áˆáˆ­áŒ¥ áŠá‹,1,2025-07-10,DashnBank,Google Play
nice,5,2025-07-10,DashnBank,Google Play
meku,5,2025-07-07,DashnBank,Google Play
awasome app go a head,5,2025-07-04,DashnBank,Google Play
it sucks as hell. it crashes most of the time and takes a long time to load .,1,2025-07-03,DashnBank,Google Play
"The App is nice and easy to use but after some time it crushed and said ""Error check your device connectivity"" please fix it",3,2025-07-02,DashnBank,Google Play
Easy and very nice app to load more than the previouse but in recent time some loading problem detected.,5,2025-07-01,DashnBank,Google Play
wow,5,2025-07-01,DashnBank,Google Play
"The worst MBA I have experienced, The app crush frequently and they take to long to fix the problem even more than a week.",1,2025-06-27,DashnBank,Google Play
amazing Banks AppğŸ‘ŒğŸ‘Œ,3,2025-06-25,DashnBank,Google Play
good App fore me,5,2025-06-25,DashnBank,Google Play
"very uninterested it's not working when the ""developer mode on"" i haven't off the developer options i preferred to uninstall your app .....",1,2025-06-24,DashnBank,Google Play
fantastic,5,2025-06-22,DashnBank,Google Play
ğŸ‘,4,2025-06-21,DashnBank,Google Play
it's nice to use.,5,2025-06-21,DashnBank,Google Play
app doesn't start,1,2025-06-21,DashnBank,Google Play
Excellent application,5,2025-06-18,DashnBank,Google Play
its very bad app its very slow,1,2025-06-17,DashnBank,Google Play
á‰¥á‹™á‹¬ áˆºá‹‹á‹¨ á‰ áˆˆáŒ ,1,2025-06-15,DashnBank,Google Play
Good job!,5,2025-06-13,DashnBank,Google Play
best financial app.,5,2025-06-12,DashnBank,Google Play
á‰†áŠ•áŒ† áŠá‹ á‰ áˆ­á‰±,5,2025-06-11,DashnBank,Google Play
the worst app humans ever created,1,2025-06-09,DashnBank,Google Play
it's not working,3,2025-06-05,DashnBank,Google Play
"Hello, Iâ€™m facing a problem with the BOA Mobile app. Every time I enter my phone number and password, the app crashes and shows an error that says â€œBoaMobile closed because this app has a bug.â€ I tried updating, reinstalling, and clearing cache, but nothing worked. Please fix this bug in the next update. I really need access to my account. Thank you.",1,2025-06-03,DashnBank,Google Play
exceptional,5,2025-06-03,DashnBank,Google Play
BoA Mobile good bank,5,2025-06-02,DashnBank,Google Play
this is worest app 24/7 loading,1,2025-06-01,DashnBank,Google Play
BoA system is confartable,5,2025-06-01,DashnBank,Google Play
"this app, for me , is a waste of time. It doesn't work . I can't even long in, and it really piss me off. FIX THE PROBLEM",1,2025-05-27,DashnBank,Google Play
Good service.,3,2025-05-25,DashnBank,Google Play
the app crush frequently,1,2025-05-24,DashnBank,Google Play
You guys keeps getting worst,1,2025-05-22,DashnBank,Google Play
"This app is a joke. It crashes more than it works, takes forever to load, and half the features are just decorative at this point. Canâ€™t log in, canâ€™t transfer money, canâ€™t even check my balance without it bugging out. To the developer: Are you actually trying to make this work, or is this some kind of social experiment to test our patience? Did you build this in your sleep? Because it definitely looks like it. If this is your idea of a functional app, maybe consider a different career pathğŸ™",1,2025-05-21,DashnBank,Google Play
BoA,2,2025-05-20,DashnBank,Google Play
but not opening on android,4,2025-05-19,DashnBank,Google Play
Worst App ever. Totally unreliable. And it didn't work at all for the last 4 months.,1,2025-05-18,DashnBank,Google Play
amazing,5,2025-05-18,DashnBank,Google Play
"this app does no work on Samsung a51, it just gives a preview of the logo",1,2025-05-11,DashnBank,Google Play
"i entered incorrect security question by mistake boa app lock pin forever, why is there no other options? ?? i contacted different branchs more then 4times but they didn't able to solve this issue .",5,2025-05-10,DashnBank,Google Play
liking this application good ğŸ‘,5,2025-05-07,DashnBank,Google Play
"This app future is good, but there is problems with apps to reset and activate it, which is difficult even to the branch staffs, and it takes too long times to active at the branch plus most of the time high expected failure of activation after process at the counter and OTP sent not work",1,2025-05-06,DashnBank,Google Play
it's really good ğŸ‘,5,2025-04-23,DashnBank,Google Play
Bad app . it stuck when you open and noting WORKS.,1,2025-04-23,DashnBank,Google Play
"the app isn't working after it asked me the password it starts loading, but it doesn't open",3,2025-04-20,DashnBank,Google Play
Best,2,2025-04-19,DashnBank,Google Play
It keeps showing this pop up to turn off developer options even tho it's off! I had to turn on and then off to make it work! This is a horrible experience and needs a fix asap! Plus kinda slow.,1,2025-04-19,DashnBank,Google Play
yideg,1,2025-04-18,DashnBank,Google Play
great boa,5,2025-04-10,DashnBank,Google Play
boa of mobile backing,5,2025-04-09,DashnBank,Google Play
faster bank of Abissinya,5,2025-04-08,DashnBank,Google Play
i would have given it a lower if it was possible because it crush so much and it take the bank so long to fix the bug,1,2025-04-08,DashnBank,Google Play
it just doesn't work...so frustrating,1,2025-04-07,DashnBank,Google Play
like,5,2025-04-06,DashnBank,Google Play
it's not work correctly... you must have update it,1,2025-04-06,DashnBank,Google Play
"the app gets a considerable improvements like language , QR scanner and unlimited transfers survice. but BOA Please do alot on its fastness and convenient when we login and making a transactions.",5,2025-04-04,DashnBank,Google Play
after i typed in my password it says successfully logged out ...and goes back to the first page,2,2025-04-04,DashnBank,Google Play
good but they don't update enough don't add new things,3,2025-04-04,DashnBank,Google Play
it doesn't work period z slowest mobile banking ever i would rather use *815#,1,2025-04-01,DashnBank,Google Play
"after activated the application it not allowed to sign , automatically it is turn off In my phone, why ?",1,2025-03-31,DashnBank,Google Play
good application,5,2025-03-30,DashnBank,Google Play
this version is not working for me I cannot even buy card. I cannot send money,1,2025-03-30,DashnBank,Google Play
"It can't actively on initialization, it says incorrect OTP getting the exact OTP",1,2025-03-29,DashnBank,Google Play
always problematic hardly works,1,2025-03-26,DashnBank,Google Play
considering the fact the bank is huge this app really bad you could do better,1,2025-03-25,DashnBank,Google Play
"worst app and Bank ever u be ashamed, scammer",1,2025-03-24,DashnBank,Google Play
great BoA,5,2025-03-22,DashnBank,Google Play
best,5,2025-03-21,DashnBank,Google Play
i have went to the bank so many times because i couldn't make any transaction i can only see my balance nothing else so what is the point of having mobile banking if i can't make any transaction with it please work in that,1,2025-03-21,DashnBank,Google Play
there is no speed,1,2025-03-19,DashnBank,Google Play
"For anyone who wants to download it, just don't!!!",1,2025-03-19,DashnBank,Google Play
wonderful,5,2025-03-19,DashnBank,Google Play
all worck,5,2025-03-19,DashnBank,Google Play
Loved it,5,2025-03-14,DashnBank,Google Play
Wow,1,2025-03-14,DashnBank,Google Play
"Edit: New bug, app not letting me type in my otp codes. Shameful Why does this app not allow me to use it while having developer options on? Did y'all consider that I might, perhaps, be an actual developer? Why am I expected to toggle the option on and off just to bank (restarting my phone when I do)? Why is the message labled as somthing that will ""smoothen"" the experience? This is like the most ""security consultant"" thing to implement in an app. Please invest in actual security, not this mess.",1,2025-03-12,DashnBank,Google Play
Improved to be the best,5,2025-03-11,DashnBank,Google Play
"Decent, but there problems sometimes it says error When i transfer money but infact it transferred because of this bug i transferred 2 times instead of 1 and also we can't transfer money to others telebirr acc we only can to our self BOE Dev fix this !!!",3,2025-03-11,DashnBank,Google Play
BoA Greqt Ethiopian bank.,5,2025-03-11,DashnBank,Google Play
"The bug is still there,the app crashes every time i try to log in, especially in old phones like my Galaxy A32",1,2025-03-10,DashnBank,Google Play
Almost better compared to cbe where it is not qualified for,4,2025-03-09,DashnBank,Google Play
what awesome apps. it is very simple to use and more much important apps.,5,2025-03-09,DashnBank,Google Play
Wonderfull app,5,2025-03-08,DashnBank,Google Play
i can't use this app why?,5,2025-03-07,DashnBank,Google Play
Worst mobile banking app I ever experienced I was blaming other apps but comparing with this they're too much better!!!! It clashes it takes much longer time to login while loading in short it's a complete of trash,1,2025-03-06,DashnBank,Google Play
bro the worst app made by human kind!! as a software engineer it make me so sad seeing enterprise as big as BOA make apps like this. it is a disgrace for our country!!,1,2025-03-05,DashnBank,Google Play
AGA B Girja Miss language of admin Afaan oromo & other Itoophiyaa languages,1,2025-03-04,DashnBank,Google Play
Good app,5,2025-03-03,DashnBank,Google Play
"I downloaded the app for the first time while reading other customers reviews and as soon as i installed and opened the app it closes back automatically, what unserious bank, now i uninstalled the app immediately",1,2025-03-03,DashnBank,Google Play
It has good features but sometimes it doesn't work...0,1,2025-03-02,DashnBank,Google Play
Very poor proformance,1,2025-03-01,DashnBank,Google Play
It's not opening. Really frustrating,1,2025-03-01,DashnBank,Google Play
Verry Amazing App from all IB,5,2025-03-01,DashnBank,Google Play
Not working on this days,1,2025-02-26,DashnBank,Google Play
Thank you BoA,5,2025-02-23,DashnBank,Google Play
best banking app in the wworld,5,2025-02-22,DashnBank,Google Play
Nice app and it's easy to use,5,2025-02-21,DashnBank,Google Play
"please add language in the apps setting(amharic afan oromo, tigniya,and others) sometimes bank to bank transfer is not available through time and even if if it is available not reachableâ€¦it is serious issue!",1,2025-02-15,DashnBank,Google Play
This is help full i like ittttt,5,2025-02-14,DashnBank,Google Play
The is not functional at all?,2,2025-02-12,DashnBank,Google Play
Best bank,5,2025-02-08,DashnBank,Google Play
Make it easy and convienient to use and perfect for all to high prefrence and choice.,3,2025-02-07,DashnBank,Google Play
ğŸ‡ªğŸ‡¹ğŸ‡ªğŸ‡¹ğŸ‡ªğŸ‡¹ğŸ‡ªğŸ‡¹ğŸ‡ªğŸ‡¹ğŸ‡ªğŸ‡¹ğŸ‘ğŸ‘ğŸ‘ğŸ‘ğŸ‘ğŸ‘ğŸ‘,5,2025-02-04,DashnBank,Google Play
I have been using this app for two years.It is amazing.,5,2025-02-01,DashnBank,Google Play
Good ğŸ‘,5,2025-01-31,DashnBank,Google Play
Sad experience,1,2025-01-30,DashnBank,Google Play
Always do update and that is annoying,3,2025-01-27,DashnBank,Google Play
"Best app, somehow waiting a few minutes",5,2025-01-23,DashnBank,Google Play
I can't dijitalize my atm in the apollo app on my phone,1,2025-01-22,DashnBank,Google Play
Whenever I try to sign in app close please fixed it out,2,2025-01-21,DashnBank,Google Play
Beter,5,2025-01-21,DashnBank,Google Play
Boa,4,2025-01-18,DashnBank,Google Play
á‰ áŒ£áˆ á‹¨áˆšá‹«áˆµáŒ áˆ‹ áŠ á• á‰ áŒ£áˆ á‹¨á‹ˆáˆ¨á‹° á‹œáˆ® áŠá‹ á‹¨áˆáˆ°áŒ á‹ á‹˜áˆ® It's not App it's very slow ehhhh. Why don't you upgrade the app???? It's always zero,1,2025-01-18,DashnBank,Google Play
Aadan Axmed Barkhadle,5,2025-01-17,DashnBank,Google Play
ğŸ˜¡ğŸ˜¡ğŸ˜¡ğŸ¤¬ğŸ¤¬ğŸ¤¬,1,2025-01-16,DashnBank,Google Play
Horrible customer service and app crashes Horrible!!,1,2025-01-15,DashnBank,Google Play
I love it,5,2025-01-14,DashnBank,Google Play
It keeps asking me to turn off developer mode even when dev mode is off. Couldn't use it.,1,2025-01-13,DashnBank,Google Play
GoodğŸ™,5,2025-01-12,DashnBank,Google Play
Like to much,5,2025-01-11,DashnBank,Google Play
Thank you,5,2025-01-10,DashnBank,Google Play
Perfect,5,2025-01-09,DashnBank,Google Play
The best of best,5,2025-01-09,DashnBank,Google Play
I was using this app for long time it amazing user friendly UI but the i can't found for get pin button in the app,3,2025-01-07,DashnBank,Google Play
Great ğŸ‘,5,2025-01-04,DashnBank,Google Play
Fast and suitable for the customers.,5,2025-01-04,DashnBank,Google Play
Good app and helpful,5,2025-01-03,DashnBank,Google Play
"I will give only one star, because it faced with multiple of problems. 1. The app is not as fast as the other banks App, for e.g like CBE 2. The App asks repeatedly to switch off developer options, even if it is switched off. 3. Bank of Abyssinia's services are interesting, but they ignored the issues on the App service. 4. Most customers gave a complain on the App, but no one accept their complain to fix the issue. 5. Lastly, I will not recommend the App unless the issue has been solved ASAP!!",1,2025-01-03,DashnBank,Google Play
By assessing this you can tell Abyssinia bank has no idea what mobile banking is ?,1,2025-01-02,DashnBank,Google Play
It doesn't work at all.,2,2025-01-02,DashnBank,Google Play
this app is not available,1,2025-01-02,DashnBank,Google Play
Wow what amazing,5,2024-12-30,DashnBank,Google Play
love it,5,2024-12-30,DashnBank,Google Play
á‰ áŒ£áˆ áˆ˜áˆ»áˆ»áˆ áŠ áˆˆá‰ á‰µ....... áˆˆ á‰£áŠ•áŠ© áˆ›á‹­áˆ˜áŒ¥áŠ• áˆ˜á‰°áŒá‰ áˆ­á‹« áŠá‹ ::,2,2024-12-30,DashnBank,Google Play
Lemn embi yilal??,5,2024-12-30,DashnBank,Google Play
It's useless app downgraded.,1,2024-12-29,DashnBank,Google Play
Why is not letting me access my account. The whole point of this app is for me to gey access to my account without physically being at the bank. I would give it a zero but a one will suffice to get my point accross.,1,2024-12-27,DashnBank,Google Play
Nice,5,2024-12-26,DashnBank,Google Play
When are you going to get rid of this and have a real app that works? By far the worst mobile banking app.,1,2024-12-24,DashnBank,Google Play
áŠ á‹­áˆ°áˆ«áˆ áˆ¼áˆ áŠá‹á¤,1,2024-12-23,DashnBank,Google Play
Not that much bad,3,2024-12-22,DashnBank,Google Play
Fine,5,2024-12-21,DashnBank,Google Play
The dirtiest application ever seen...,1,2024-12-20,DashnBank,Google Play
Nic ap,5,2024-12-19,DashnBank,Google Play
The forest app ever,1,2024-12-19,DashnBank,Google Play
"I love BoA more than anyone but they are cursed when it comed to mobile banking. Even though this ine is hetter it still s*cks! It will ask me to turn off developer options other wise it won't work! I use CBE, Awash birr, tekebirr, Dashen bank and others but non of them asked me this, why only BoA? Please improve your mobile banking, be competitive!",1,2024-12-19,DashnBank,Google Play
Bank of abissena,1,2024-12-17,DashnBank,Google Play
"Easy and sooo simple to use it, also its easy to stole someones money using the app",3,2024-12-16,DashnBank,Google Play
GOOD,5,2024-12-15,DashnBank,Google Play
The worst banking app ever. Never works!,1,2024-12-14,DashnBank,Google Play
Poorly functioning app,3,2024-12-13,DashnBank,Google Play
Very nice,5,2024-12-13,DashnBank,Google Play
Your system is the worst you should do betterğŸ˜¡ğŸ˜¡ğŸ˜¡ğŸ˜¡ğŸ˜¡ğŸ˜¡,2,2024-12-11,DashnBank,Google Play
It has been a while since you guys started giving the mobile app service but still couldn't get it to work. I'm sure you know that it doesn't work already but not sure if you're lazy or incompetent to fix it. You are losing business because of this. Complacency will have consequences.,1,2024-12-10,DashnBank,Google Play
"This is the best app; many features are awesome, but it should work without the need to turn off the developer options. I'm tired of having to constantly switch the developer options off and on. I've been expressing my struggles about this. I have precious settings enabled in the developer options, and to open the App Boa app, I have to turn them off. Please help us, Abyssinia Bank. I hope you can provide an update soon.",4,2024-12-08,DashnBank,Google Play
"Iâ€™m giving this app one star because there are no options below that. My experience has been incredibly frustrating due to the extremely long loading times, and the app even closes automatically at times. People choose mobile banking for its convenience, but this app is far too time-consuming, making it the worst Iâ€™ve used. I hope improvements are made to enhance the user experience.",1,2024-12-07,DashnBank,Google Play
Very unprofessional and mischievous bank in my opinion. I have had several occasions but recently I used Abyssinia Card to withdraw money and it was deducted from my account but despite reporting several times they said they are processing it but I learned yesterday that since it has been 3 months the bank has decided to include it in their income. How absurd. If you can avoid this bank.,1,2024-12-06,DashnBank,Google Play
It doesn't work on my 2 devices A05 and A34 ğŸ˜¡,1,2024-12-02,DashnBank,Google Play
My attention is very important because it will be the most difficult time for me,5,2024-11-30,DashnBank,Google Play
"I have a worst experience while using this mobile application through out the year. Most of the time it fails to ""Login"" or automatically closed the app. And also it takes so much loading time (5 minutes +) trying to access the internal services. Sometimes also while transferring within and to other bank also fails. So, BOA please fix your app.",1,2024-11-29,DashnBank,Google Play
I don't know why but your apps start out great then all of a sudden don't workğŸ¤·â€â™€ï¸,1,2024-11-28,DashnBank,Google Play
This application is losing major factions on a daily basis. I can count how many times I have used this app; it is completely useless and disappointing if I am not going to use it in times of need then I don't see the point.,1,2024-11-28,DashnBank,Google Play
exellent digital transaction of money,5,2024-11-27,DashnBank,Google Play
The latest update has stopped android 9 phones not to open this App. Never work properly since i started using it.,1,2024-11-26,DashnBank,Google Play
ğŸ‘ğŸ‘ğŸ‘,5,2024-11-24,DashnBank,Google Play
Money,5,2024-11-24,DashnBank,Google Play
It needs more improvment,2,2024-11-24,DashnBank,Google Play
ab,3,2024-11-20,DashnBank,Google Play
Ademtahir,5,2024-11-20,DashnBank,Google Play
âœŒï¸âœŒï¸,5,2024-11-20,DashnBank,Google Play
Please this app on my android phone,3,2024-11-20,DashnBank,Google Play
GOAT ğŸ ğŸ,5,2024-11-19,DashnBank,Google Play
"Your app doesn't match your bank, the app is disaster, super slow. Please learn something from tele birr app.",1,2024-11-19,DashnBank,Google Play
Fast and reliable,5,2024-11-18,DashnBank,Google Play
"The worst app update ever. Why would you include the ""developer option off"" thing here? Why do you care? It is my phone my money, right? That is the reason why I switched to other banks. So either turn it off or everyone will discontinue their business one by one.",1,2024-11-17,DashnBank,Google Play
Very good,5,2024-11-14,DashnBank,Google Play
One of the poorest mobile banking system,1,2024-11-13,DashnBank,Google Play
â¤â¤â¤â¤â¤â¤,5,2024-11-12,DashnBank,Google Play
Oene,5,2024-11-12,DashnBank,Google Play
i find it interesting specially in reciept downloading,1,2024-11-12,DashnBank,Google Play
it good,5,2024-11-12,DashnBank,Google Play
"This app crashes everytime, please fix it",1,2024-11-12,DashnBank,Google Play
áŠ áŠ•á‹µ star áˆ«áˆ± á‹­á‰ á‹›á‰ á‰³áˆá¢ i dont recomend to use this app also the bank,1,2024-11-12,DashnBank,Google Play
I need a support the app is not working,5,2024-11-12,DashnBank,Google Play
Bast bank of ethiopia,5,2024-11-12,DashnBank,Google Play
very slow app. áŠ á‰¢áˆ²áŠ’á‹«áŠ• áŠ¨áˆšá‹«áŠ­áˆ á‰£áŠ•áŠ­ á‹¨áˆ›á‹­áŒ á‰ á‰… software app. áŠ¨á‰»áˆ‹á‰½áˆ áˆ™áˆ‰ áˆˆáˆ™áˆ‰ áŠ¥áŠ•á‹°áŒˆáŠ“ áŠ áˆ°áˆ©á‰µá¢á‰ áŒ£áˆ á‹­áˆ˜áˆ«á‹«áˆ á‹«áˆ³ááˆ«áˆá¢áˆˆapp á‹¨á‹ˆáŒ£á‹ á‹ˆáŒ­ á‰ áˆ™áˆµáŠ“ á‹¨á‰°á‰ áˆ‹ áŠá‹ á‹¨áˆšáˆ˜áˆµáˆˆá‹á¢,1,2024-11-12,DashnBank,Google Play
"thank you for your social services like, vertual banking, non touch ATM, Cadrless and withdrwal with out passbook...",5,2024-11-12,DashnBank,Google Play
The worst App i have never seen like this before,1,2024-11-12,DashnBank,Google Play
Wweeeer,4,2024-11-12,DashnBank,Google Play
Infinx,5,2024-11-12,DashnBank,Google Play
Great service,5,2024-11-12,DashnBank,Google Play
This app is not available on all android versions and some times it is not functional.,1,2024-11-08,DashnBank,Google Play
senayt Mesfin,4,2024-11-08,DashnBank,Google Play
Bad app vety bad.,1,2024-11-07,DashnBank,Google Play
Abessnya Banke,5,2024-11-05,DashnBank,Google Play
"The most useless app, I never expected such an irrelevant app from BOA. big shame!",1,2024-11-04,DashnBank,Google Play
Professional on banking app,5,2024-11-01,DashnBank,Google Play
Has some nice interface but always freezes or slow to load .App developers please fix this issue.,3,2024-10-27,DashnBank,Google Play
áŠ á‹­áˆ°áˆ«áˆ áŠ áˆµá‰°áŠ«áŠ­áˆ‰á‰µ,5,2024-10-26,DashnBank,Google Play
Please try another because this app doesn't feet the need of this generation,1,2024-10-25,DashnBank,Google Play
Fast transfer,5,2024-10-24,DashnBank,Google Play
"What's up I can't log in, what's wrong",5,2024-10-22,DashnBank,Google Play
Amrumehamed,1,2024-10-21,DashnBank,Google Play
"Nice to meet you my proud bank in Ethiopia.. I'm a member of this bank, i need to solve my problem of international receiving money for me from my online digital working service's over the world please? I'm working a lot of international money.But i can't get direct in Ethiopia because of don't knowing the legal ways of getting money in Ethiopia please can I get and direct deposit with BoA please ğŸ™ğŸ™ğŸ™?",5,2024-10-18,DashnBank,Google Play
á‹°á‹°áŒˆáŠáˆ,5,2024-10-15,DashnBank,Google Play
"Terrible Bank Experience Itâ€™s unbelievable that with all the modern technology, this bank still struggles with even basic transactions. The app constantly crashes, services are limited, and every time I try to transfer money or load Telebirr, thereâ€™s a huge delay. I have to wait 5 days for failed transactions to be refunded! Even USSD is unreliable. Theyâ€™ve put me in embarrassing situations countless times, and customer care never fixes anything. Iâ€™ve switched banks, and you should too!",1,2024-10-14,DashnBank,Google Play
A painfully slow banking app service. Please don't make it your choice!,1,2024-10-13,DashnBank,Google Play
Good App,4,2024-10-12,DashnBank,Google Play
Best app to me,5,2024-10-11,DashnBank,Google Play
BOA,5,2024-10-11,DashnBank,Google Play
Abdulkadir,5,2024-10-11,DashnBank,Google Play
Bad,1,2024-10-10,DashnBank,Google Play
If it is possible I would gove0 star,1,2024-10-08,DashnBank,Google Play
Nise mobile bankig,4,2024-10-05,DashnBank,Google Play
Overall good app but performance needs some improvement also sometimes when using instant other bank transfers it refuses causing to be repeated several times to transfer,4,2024-10-04,DashnBank,Google Play
Ok,5,2024-10-04,DashnBank,Google Play
Just make it work pleaseğŸ¤£ this is embarrassing for a bank of your size,1,2024-10-04,DashnBank,Google Play
Update to the simplest way it requires the developer option on and off why this is,5,2024-10-04,DashnBank,Google Play
"Stop telling me what to do with my phone, BOA. Why does your newly updated app keep asking me to disable the developer options? Iâ€™m not slowing down my phone just to use your God damn app. ğŸ¤®ğŸ¤®ğŸ¤®ğŸ¤®",1,2024-10-04,DashnBank,Google Play
I'm living out of country how may I download and use mobile banking? It asks me the Ethiopia phone number and I can't receive text to confirm because I'm out side the country. So please lete know if I can use while I'm outside the country. Thanks,1,2024-10-04,DashnBank,Google Play
Worest app,1,2024-10-03,DashnBank,Google Play
The worest app ever,1,2024-10-03,DashnBank,Google Play
áŠ áˆªá áŠá‹ á‰ áˆ­á‰±áˆáŠ•,5,2024-10-03,DashnBank,Google Play
Wwwerrr,5,2024-10-02,DashnBank,Google Play
áŒ€áˆ›áˆ á‹á‰€á‰±,5,2024-09-30,DashnBank,Google Play
Great For Financial company,5,2024-09-30,DashnBank,Google Play
Very easy to use,5,2024-09-30,DashnBank,Google Play
The App's crash always.. Error.....,3,2024-09-27,DashnBank,Google Play
This app is incredibly frustrating to use. Itâ€™s filled with issues that make it difficult to navigate and complete tasks efficiently. Iâ€™ve never encountered such a poorly designed banking application before. It needs significant improvements to enhance user experience. It deserves a vey low rating.,1,2024-09-26,DashnBank,Google Play
Great UI and seamless UX. I love it!!,5,2024-09-25,DashnBank,Google Play
That's too good application but try to add more alternatives and futures or possibilitys for your customers,3,2024-09-25,DashnBank,Google Play
It's easy used to operate program and secured ğŸ‘ğŸ‘,4,2024-09-25,DashnBank,Google Play
I bought a mobile card on this app but I didn't receive it and it took my money and I didn't get my money back.,1,2024-09-21,DashnBank,Google Play
Amazing,5,2024-09-19,DashnBank,Google Play
Great app with great services,5,2024-09-19,DashnBank,Google Play
Yes active user,5,2024-09-17,DashnBank,Google Play
Shameful,1,2024-09-17,DashnBank,Google Play
The worest app ever made i would not recommende for no one,1,2024-09-16,DashnBank,Google Play
Good application,5,2024-09-16,DashnBank,Google Play
"How many hours should I wait after transferring money to telebirr, please do something about the transfer delay issue I need my money when ever.",1,2024-09-15,DashnBank,Google Play
"BOA is unreasonably holding and delaying transactions for more than a day, even transactions within the same bank itself. This is a huge gap that I observed in BOA mobile banking. I didn't experience this kind of challenge while having transactions in other banks' mobile banking platforms. After waiting so long, I called your customer support team and the response they gave me was ""it was the system that holds the transaction & will be released on working days"". This is not totally fair.",1,2024-09-15,DashnBank,Google Play
á‹¨áŠ¥áˆ­áˆµá‹áŠ• á‰°áˆáŠ­áˆ® á‹­áŒáˆˆáŒ¹ (áŠ áˆ›áˆ«áŒ­),5,2024-09-14,DashnBank,Google Play
It's not working. It needs a big update. Can't you update the app quickly?,1,2024-09-14,DashnBank,Google Play
"I am Aimohon Joel , It's can be Good for a Better Conversation in Time ğŸ™‚",3,2024-09-14,DashnBank,Google Play
"Better app than most mobile apps, but why do I have to turn off developer option every time I wanna use the app?? It's annoying.",1,2024-09-13,DashnBank,Google Play
Bes and freindly app,5,2024-09-13,DashnBank,Google Play
It doesn't work.,1,2024-09-12,DashnBank,Google Play
"It say ""The request was not successful. please check device connectivity or try again"" why? One of the bank manager told me it is because of my phone's android version which is 9.1 It is ridiculous! Disappointing",1,2024-09-11,DashnBank,Google Play
How to download or screenshot of payment receipt...what kinda worst app ever ğŸ¤®ğŸ¤®ğŸ¤¢,1,2024-09-11,DashnBank,Google Play
Smart technology,5,2024-09-10,DashnBank,Google Play
Yegema app tishğŸª¨,1,2024-09-08,DashnBank,Google Play
"This is not an appropriate app, i don't know how boa develops this app, i don't expect this much crazy and un confortable app form BOA, I'm soory!!!",1,2024-09-07,DashnBank,Google Play
"Shockingly bad! Even when it decides to work, it's painfully slow and frustrating. Such a shame that it has become a stain on an extraordinary bank",1,2024-09-06,DashnBank,Google Play
"It crashes frequently. It launches on Android 8.1 but I don't think it actually works on versions less than 10. If so, it shouldn't be available for download by such devices to begin with, like many other finance apps are not. It was so much better three months ago, upgrades should be for the better.",1,2024-09-06,DashnBank,Google Play
Awesome application. But lately its crashing everytime i opened it.,4,2024-09-05,DashnBank,Google Play
áŠ¥áŒ…áˆ á‰ áŒ£áˆ á‹°áŠ«áˆ› áŠ á• áŠá‹ áˆ²áˆáˆáŒ á‹­áŠ¨áá‰³áˆ áˆ²áˆáˆáŒ áŠ á‹­áŠ¨áá‰µáˆ áŠ¨áŠ á‹‹áˆ½ áŠ¥áŠ“ áŠ•áŒá‹µ á‰£áŠ•áŠ­ á‹¨áˆ˜áˆ³áˆ°áˆ‰ á‰£áŠ•áŠ®á‰½ áˆ²á‹ˆá‹³á‹°áˆ­ áˆá‰£á‹­áˆ á‰£áŠ•áŠªáŠ•áŒ App áŠ¥áŒ…áŒ á‹¨áˆšá‹«á‰ áˆ³áŒ­ áŠá‹ áˆˆá‹áŒ¥ á‹«áˆµáˆáˆáŒ‹á‰½áŠ‹áˆ,1,2024-09-05,DashnBank,Google Play
Fast one,3,2024-09-04,DashnBank,Google Play
Nice looking app but a terrible user experience.,1,2024-09-03,DashnBank,Google Play
The worest MB app ever!!ğŸ™„,1,2024-09-02,DashnBank,Google Play
It is ok,5,2024-09-01,DashnBank,Google Play
Plz fix the Apps ....screenshot lovation hide from glarey share botten not workğŸ˜”ğŸ˜”,1,2024-08-30,DashnBank,Google Play
Apollo's,1,2024-08-29,DashnBank,Google Play
The worst experience ever,1,2024-08-29,DashnBank,Google Play
Hussenaliumar,5,2024-08-29,DashnBank,Google Play
Hi I have problem with this App BOA mobile I don't know what is wrong with this App I did many times download but it's sam doesn't work if sam like that this app way I have to be customer with them how I know my account and checking save The book is no Not enough alone,1,2024-08-28,DashnBank,Google Play
It is not work for my device,5,2024-08-27,DashnBank,Google Play
"I'm Sick and tiered of enabling and disabling Developer Option Everytime I use this app. maybe you know it maybe you dont, fix it please it's anoying",1,2024-08-26,DashnBank,Google Play
The worst app ever,1,2024-08-26,DashnBank,Google Play
Betanya Gebre,3,2024-08-23,DashnBank,Google Play
I dont recommand it to any one,1,2024-08-23,DashnBank,Google Play
Excellent app,5,2024-08-21,DashnBank,Google Play
"The application used to work well. But after updates I'm not able to use the forgot password feature, which is blocking me from accessing it as a whole.",1,2024-08-20,DashnBank,Google Play
á‰µáˆ­áˆƒáˆµ,5,2024-08-19,DashnBank,Google Play
Gio,4,2024-08-19,DashnBank,Google Play
App isn't working,1,2024-08-18,DashnBank,Google Play
so far good but always it lugs,3,2024-08-17,DashnBank,Google Play
Don't trust this bank and its service.,1,2024-08-16,DashnBank,Google Play
"I can not open and use the application,please help me!",5,2024-08-15,DashnBank,Google Play
Horrible,1,2024-08-14,DashnBank,Google Play
Mostly not working ğŸ˜‘,1,2024-08-14,DashnBank,Google Play
Awesome ğŸ‘Œ,5,2024-08-12,DashnBank,Google Play
"Despite the enhanced technology you have, the application doesn't work properly, and it asks for the developer option to be turned off, fix that.",3,2024-08-12,DashnBank,Google Play
Very poor app b/c highly slow to open the app,1,2024-08-12,DashnBank,Google Play
Wedi Tekle .,5,2024-08-11,DashnBank,Google Play
Bad appğŸ“±ğŸ‘ğŸ‘ğŸ‘,1,2024-08-11,DashnBank,Google Play
Dura nan fayyadaman ture amma garuu naaf hojjechaa hin jiru maaf?,5,2024-08-11,DashnBank,Google Play
Nice appp,5,2024-08-11,DashnBank,Google Play
áˆ°áˆ‹áˆ áŠ á‰¢áˆ²áŠ’á‹«á‹á‰½ á‹¨áˆá‰£á‹­áˆ á‰£áŠ•áŠªáŠ•áŒ‹á‰½áˆ á‰°áŒ á‰ƒáˆš áŠáŠ áŠ áŒˆáˆáŒáˆá‰±áŠ• áˆµáˆ‹áˆµáŒ€áˆ˜áˆ«á‰½áˆáˆˆáŠ• áŠ¥áŠ“áˆ˜áˆ°áŒáŠ“áˆˆáŠ•á¢ áŠáŒˆáˆ­ áŒáŠ• áŠ áˆˆá áŠ áˆá á‹¨áŠá‰ áˆ¨á‹ á‹¨áˆ›áˆµáˆáŠ•áŒ áˆªá‹«á‹ á‰ áŠ áŒá‰£á‰¡ áŠ áˆˆáˆ˜áˆµáˆ«á‰µ áŠ áˆá áŠ áˆá á‹ˆá‹°áˆ˜áˆµáˆ«á‰µ á‰°á‰€á‹­áˆ¯áˆ á‹µáˆ® áŠ¥áŠ•á‹°áŠá‰ áˆ«á‰½áˆ áŠ¥áŠ“á‹á‰ƒáˆˆáŠ• á‹˜áŠ•á‹µáˆ®áˆ á‰¥á‰µáŠ–áˆ©áˆáŠ• áŠ¥áŠ•áˆ˜áˆ­áŒ£áˆˆáŠ• *áŠ¨á‹˜áˆ˜áŠ• áŠ áŠ•áŒ‰á‹°áˆ*,3,2024-08-10,DashnBank,Google Play
Gooood app my dear,5,2024-08-10,DashnBank,Google Play
Harun tamam galanaa,3,2024-08-09,DashnBank,Google Play
"A total disaster of an app. Always offline, never works, it's embarassing. I've lost hope and taken my business to a competitor",1,2024-08-08,DashnBank,Google Play
Gamebela,1,2024-08-08,DashnBank,Google Play
so poor app to use can't start up when open the app,1,2024-08-08,DashnBank,Google Play
"This app takes too long time to be opened. And even it is not working simply as other banks application. Why this app does not give a digital invoice. Even, I am not able to find where the screeshot is kept after transaction. So, please the developer should fix all these.",1,2024-08-07,DashnBank,Google Play
Good job,5,2024-08-07,DashnBank,Google Play
"Worst app ever, not user friendly, even doesn't serve basic functionality correctly, takes to much time to login and navigate through the app, we expected more from this bank",1,2024-08-07,DashnBank,Google Play
Bad app .,1,2024-08-06,DashnBank,Google Play
"I mean how could a big financial company like this, be this much irresponsible to release this app? You should be ashamed!",1,2024-08-06,DashnBank,Google Play
Review,5,2024-08-06,DashnBank,Google Play
Goood,4,2024-08-06,DashnBank,Google Play
ğŸ‘ğŸ‘ğŸ‘ğŸ‘ğŸ‘ğŸ‘ğŸ‘ğŸ‘ğŸ‘,1,2024-08-06,DashnBank,Google Play
Is it necessary to switch off developer options every time to use mobile banking?ğŸ¤”ğŸ¤”ğŸ˜¡ğŸ˜¡ğŸ˜¡,1,2024-08-04,DashnBank,Google Play
The previous version is better it doesn't work,1,2024-08-04,DashnBank,Google Play
"I don't know what is wrong with BOA as a bank in general. It's been going backwards since last year or so. The app is a disaster to use in every possible way. Not stable to log in and very slow to perform transactions, couldn't take a screenshot (or can't even find the pictures even using its save screenshot option). Most of the time, it fails to perform transactions and so on. Simply, it's the worst!",1,2024-08-03,DashnBank,Google Play
ok,5,2024-08-03,DashnBank,Google Play
"Take some note from CBE mobile banking app, it's the best banking app currently take some note and improve ur app . Sometimes u have to learn from the bests ğŸ™Œ",1,2024-08-03,DashnBank,Google Play
It's a useless app,1,2024-08-02,DashnBank,Google Play
